weatherRisk,pastDelays,attendanceRate,materialShortages,currentProgress,delayProbability
0.7739560485559633,0,0.8246509249555809,4,30.815199921213697,0.401512007903296
0.4388784397520523,5,0.8305958663392357,6,16.70224955161127,0.451170480982782
0.8585979199113825,7,0.6107859064978859,5,50.10882201846181,0.6190503836813337
0.6973680290593639,5,0.8620932113140238,4,24.804348842894704,0.47261398641503327
0.09417734788764953,3,0.8536376603711004,3,89.19957710653877,0.15339977808887117
0.9756223516367559,8,0.8571646549975974,1,5.360284619850119,0.5567726450551622
0.761139701990353,3,0.5833317487324179,2,17.887706396880944,0.5062711356874879
0.7860643052769538,7,0.7510774790863687,5,27.18282677750841,0.5868293189243735
0.12811363267554587,4,0.7340658094205784,0,22.906104043387554,0.2952263119674305
0.45038593789556713,0,0.5890201676394397,0,25.320059292173926,0.32133297976464376
0.37079802423258124,5,0.6500655675535648,3,64.04428445550606,0.3988882613282166
0.9267649888486018,0,0.7484331843091165,6,34.47608704818343,0.4966515013024845
0.6438651200806645,9,0.884307839436137,5,60.3521943713036,0.5318495293204624
0.82276161327083,6,0.6566779346430984,4,85.12321402816622,0.5533658194012514
0.44341419882733113,3,0.9233874595562102,4,59.23010889731318,0.34943315805321384
0.2272387217847769,4,0.7956092285827585,0,67.50795121577433,0.22894460337841818
0.5545847870158348,6,0.8921897583330779,2,37.89529683992215,0.44530641306128516
0.06381725610417532,2,0.7626501925015857,0,19.376462086043823,0.19934584588705062
0.8276311719925821,2,0.7746374014400005,6,33.85256562049155,0.5470628491728133
0.6316643991220648,4,0.8288737252208381,6,91.78543838336972,0.41829988379036565
0.7580877400853738,2,0.9675867736746209,2,60.96302460078234,0.29768895300911524
0.35452596812986836,7,0.7713156616358096,2,29.976000749061367,0.4191036439215024
0.9706980243949033,1,0.7878958921487309,2,45.58237404458934,0.47791278213109767
0.8931211213221977,8,0.8208986335873883,7,80.19617336878949,0.6410259245852499
0.7783834970737619,3,0.8818818117839766,3,65.15992136351962,0.42680027465573794
0.19463870785196757,5,0.5823326509688055,6,55.45875566562514,0.4093920849691141
0.4667210037270342,1,0.7820593473348875,3,84.6646588970457,0.2618844178439749
0.04380376578722878,3,0.7667162151427196,5,65.51956149951113,0.27624436252229106
0.15428949206754783,7,0.9647582429069067,4,62.845675771198586,0.3200450336082873
0.6830489532424546,2,0.7720779611963535,2,22.079132348969132,0.40048909059936405
0.7447621559078171,1,0.7607442406124489,7,14.5749814711167,0.553200330823878
0.96750973243421,5,0.9829899948406159,5,91.86279053516591,0.4699066650485151
0.32582535813815194,1,0.7527594086203967,6,58.89725330903174,0.3156548006135834
0.3704597060348689,3,0.6313979936449406,7,42.41150682317862,0.5012196629462967
0.4695558112758079,4,0.6476122552626048,1,58.011873881919584,0.395759263817189
0.1894713590842857,5,0.5928343922516384,0,10.563076496454384,0.337329453989191
0.12992150533547164,6,0.550255658166525,4,78.99145465136961,0.3760425036969472
0.47570492622593374,6,0.744375547450217,2,24.49809820079024,0.44426326014015083
0.2269093490508841,8,0.8961591615841996,3,77.40914056861523,0.25050545780127875
0.6698139946825103,0,0.8800598992599261,1,53.09405989372495,0.26939094521184515
0.43715191887233074,3,0.5644670895112827,3,29.891481229121247,0.42486192354147884
0.8326781960578374,0,0.8064923066173149,3,7.718895341786341,0.43601314252445694
0.7002651020022491,0,0.6194274064360642,2,78.42500197939451,0.37171075395717673
0.31236664138204107,2,0.9734843281441138,5,20.8814127322376,0.3470919670347839
0.8322598013952011,5,0.6253142498398807,4,9.66246040758861,0.5990408440113838
0.8047643574968019,8,0.8319876479638667,3,73.02899577432927,0.49492375560005863
0.38747837903017446,7,0.6968072629738256,0,36.50389001356809,0.4052833577073592
0.2883281039302441,6,0.8387025966839585,4,40.0400605032485,0.371984021497801
0.6824955039749755,7,0.7355163684088338,1,27.23608285526471,0.49770157121036235
0.1397524836093098,1,0.8918393735378777,2,82.32606308272074,0.13538662704101043
0.19990820247510832,8,0.653805606397536,3,31.759657349587886,0.49826653579389024
0.007362269751005512,8,0.957606333811417,1,23.917331277592147,0.20041863836491697
0.7869243775021384,0,0.7750943421910085,3,32.83247537025405,0.40407123523865596
0.6648508565920321,4,0.8902419164707838,2,23.283461765065727,0.4210006453253962
0.7051653786263351,8,0.9323785861305522,6,33.588969872468674,0.5439317224143104
0.7807290310219679,4,0.9994728749296622,6,12.464260058135574,0.5413810054798878
0.45891577553833995,8,0.6507755495172812,0,19.26770262075125,0.4901108730230196
0.5687411959528937,9,0.6791015861035548,4,42.53475950565331,0.5618795641996698
0.13979699812765745,4,0.6626948890293497,5,84.15201700308887,0.30774314751756016
0.11453007353597344,0,0.6682920994719023,3,10.156167205005726,0.2600211249608613
0.6684029617904717,3,0.8121001336927198,3,24.14072360840276,0.4364615318961244
0.4710962061431325,2,0.9970851354156294,6,86.75111079874367,0.3054552763465158
0.5652361064811888,4,0.9956251391917394,3,85.10132067439295,0.3161732534265249
0.7649988574160256,5,0.7870479541130385,0,66.15057499663472,0.42416057313768507
0.6347183200005908,4,0.8375622446191032,2,26.642619868571416,0.44447867692166587
0.5535794006579958,1,0.9369867446657227,2,42.782950495020714,0.25963637910799003
0.5592071607454135,3,0.9698200563040773,3,24.009889499416854,0.3360273276711934
0.3039500980626122,6,0.6417372822982947,1,16.572965821268294,0.35047220213843594
0.030817834567939406,0,0.7878437780241038,1,39.19985550625024,0.16782647236883363
0.43671738923236236,2,0.9247766745976805,7,56.82394445633152,0.37175680245967097
0.2145846728195292,8,0.6864409344855663,1,37.39394079183247,0.39927925291061783
0.40852864372463615,0,0.7479140691162101,5,59.97420954193728,0.27647091914549704
0.8534030732681661,4,0.9935294956804036,5,31.662926184137493,0.5532740655626156
0.23393948586534075,2,0.993271013524392,4,36.126547498471126,0.23247201763567235
0.05830274168906602,1,0.9577480648443317,7,76.16062324801486,0.2081893572609597
0.28138389202199654,4,0.9093017551726259,0,84.04832578044723,0.2286729428533464
0.2935937577666836,5,0.6711087253252627,2,33.98306733779469,0.3442084859870126
0.6619165147268951,1,0.6943825333302344,1,56.43642212107486,0.34090316820905503
0.5570321523412783,0,0.7962772785421937,4,30.034605550304125,0.36838087375455714
0.7838982091064135,1,0.8023498185529054,5,9.800117753668477,0.5742560826039704
0.6643135403273875,6,0.7774762687106802,7,71.40714632243672,0.5438015908836702
0.4063868614400705,8,0.8365016259623378,3,20.39031349125353,0.5068411729691048
0.8140203846660347,1,0.733745360184845,1,43.31412713722254,0.44237584257213525
0.1669729199077039,3,0.8871283707919898,7,48.834094404124116,0.33176598996502515
0.022712073133860478,3,0.70009746691526,5,21.602442576119532,0.28426093948630327
0.09004786077564175,3,0.6988046486258587,6,13.509981559705665,0.39309582284106925
0.7223593505964503,2,0.6072516828513226,3,36.32117132039635,0.42988040289626667
0.4618772302513874,0,0.6349204945130137,3,90.70573167952865,0.3434035674779469
0.1612717790336018,5,0.9327343955146109,3,60.36220309895793,0.2670858909790175
0.5010447751033635,3,0.7508270523611987,5,39.32692055626123,0.3475230424655029
0.15231210271316842,3,0.6525405039487753,1,8.501973869679343,0.29259134810612214
0.696320375077736,2,0.8917034950100744,7,59.02459532519737,0.467814078073293
0.4461562755740307,9,0.7992915066175867,1,13.303187684183532,0.462360102142436
0.3810212260964825,6,0.5595202051404821,3,53.82896639427737,0.468297524479354
0.3015120891478765,4,0.6923626558015219,2,72.67554574445687,0.2866866920181568
0.6302825931188885,2,0.6296506350046035,5,43.12268134653077,0.43311996665435665
0.3618126105533904,8,0.8451427874422783,5,31.947034533487198,0.46691768968053216
0.087649919316101,8,0.6737639682836138,7,9.264581043583874,0.4907863726990404
0.11800590212051532,0,0.5792260506444746,6,7.230008764543712,0.3354137186786226
0.9618976645495145,9,0.5747207451389512,1,43.70239126809691,0.6867554562112854
0.908580690707607,6,0.8117772840814217,1,84.50107436326711,0.4483725905744878
0.6997071338107496,0,0.5597755550668404,7,26.965650091387133,0.5336475695050981
0.2658699614595196,7,0.9319564509112399,3,56.66499552036392,0.33839597932459076
0.9691763773477239,1,0.619928703665774,0,66.58752377117857,0.3924817349526126
0.7787509039657946,0,0.8229548508379434,6,10.474688075122529,0.44034096489507457
0.7168901891589956,1,0.7501096126048356,5,18.779033822303937,0.47286795026164485
0.44936150214378867,4,0.7492831845543562,0,34.81491140776104,0.4021087430573955
0.272241561845159,6,0.5823087140620207,6,65.30838567337135,0.4706649987216355
0.0963909621534993,4,0.911238512595497,4,44.51316010052872,0.20982545564230787
0.9026023965438417,1,0.9518736181389637,4,71.07755613964208,0.3134201163351894
0.45577628983361107,1,0.5549575003229028,6,83.08380790158732,0.41940131175790163
0.20236336479523032,8,0.6303718790637031,3,73.25350489386886,0.3932261302909285
0.3059566241506525,9,0.9567568849579655,3,94.30224865819243,0.37878349643282305
0.579219568941896,7,0.7972721257600262,4,72.89249618584847,0.4401338054353705
0.1767727829392317,1,0.6175178102116946,1,81.69612755067055,0.2162126297139311
0.8566142840923755,8,0.6412557036741215,1,79.91297226185009,0.5708925909381682
0.7585195298352101,6,0.8469938099067014,6,70.72391860520419,0.5141595787224891
0.7194629559509368,5,0.8761675700110929,1,77.16216349903016,0.37560226367654564
0.4320930397751037,1,0.8197420638609709,4,89.12149050806691,0.2813287903921732
0.6273088407024432,9,0.9789167709606366,2,47.76866406736633,0.4794750858000173
0.5840979689127356,4,0.7723286216477997,1,62.44583215212892,0.36802138297438447
0.64984660155482,0,0.685122360464137,4,51.34457494154954,0.4265487055416468
0.08444432113988909,2,0.7647548094891085,6,81.59332884728657,0.24119320944439215
0.41580740217060963,4,0.711849832149975,3,43.822364258435655,0.3493555421913603
0.04161417386189248,0,0.6509871517036089,1,78.77540940302596,0.19902131587303495
0.49399081924451893,3,0.5706834622030631,1,76.9419117551425,0.339195456371174
0.3298612123327853,4,0.7084956221043059,1,91.56974912317315,0.2619614465390535
0.1445241888660469,9,0.870134206469384,7,27.40286293316769,0.4576967424771348
0.10340296772255164,0,0.5582970112938372,2,68.8657558897321,0.21209631489319353
0.587644572177712,5,0.7476303309426706,2,73.12275478827377,0.39216252485472364
0.1705929685368861,9,0.8398042306524408,0,89.26506435241991,0.2814387516370655
0.9251201183767972,8,0.8246818491284382,3,86.6212176249978,0.5498014886630865
0.581061139700395,9,0.8994917961499221,7,56.61732755376035,0.5593226451295018
0.34686980453483707,1,0.9147338720469089,3,57.12378672775818,0.17377906285134626
0.5909154914814168,8,0.8702676194137245,5,20.056210556380645,0.5998278212448488
0.022803871029697498,9,0.5962589632651373,1,92.7466432181394,0.3093611278684489
0.9585592132414453,3,0.7637600998019624,1,27.951571643308416,0.5148448459620442
0.48230343694290023,4,0.8215326808694239,5,70.2262596606163,0.3514885609588771
0.7827352272502862,5,0.6605047174642532,0,76.62155043247813,0.4289428305390669
0.08272999992243857,4,0.5691483179410495,3,44.7093954150243,0.30390304908683247
0.48665833083816035,2,0.6506156443942211,2,24.007434802615222,0.430927866285534
0.4907069943545209,9,0.7547024807796875,0,22.006434579771806,0.4489556353265861
0.9378264549749828,9,0.7362686435745704,4,82.08464008114325,0.6429385351259117
0.5717280523760754,3,0.6295001415972228,7,50.968083807366334,0.4849126829259548
0.4734894010569538,8,0.9209869942075718,0,13.112328383444003,0.39510917519213085
0.2669756630918936,3,0.966559000931526,6,69.53175254865998,0.284054691190006
0.3315689973425522,7,0.6406067435737219,4,27.515394752452664,0.5153189723617615
0.5206724024715378,5,0.9683078120052497,5,83.87552756757913,0.3173036604016662
0.4389114603050467,4,0.5580374316288315,0,32.86146074269777,0.3498327127833754
0.021612079880330426,1,0.9662331127181254,6,23.02437470811288,0.1659818161057604
0.8262919241943578,6,0.9783679555364085,0,12.63725991994409,0.4280332648614176
0.8961607718397667,3,0.5554233383571664,7,51.037802297388275,0.5958565931294868
0.14024908899861077,2,0.8933586835495366,5,45.56638290364586,0.2084842352858416
0.5540361435390494,1,0.9865907076564295,2,72.61809301428286,0.23242064073488453
0.10857574113544355,9,0.9576559984680002,0,46.814232847373276,0.2159030554482573
0.6722400930398117,1,0.9868195725382959,4,35.9434372031934,0.3334840358611457
0.2812337838390083,7,0.7976455775639377,0,28.548942406964965,0.38242241035105906
0.6594226346919018,8,0.5851702629484248,4,30.0332070922974,0.6186086596866001
0.7269946142868826,0,0.9324051390122663,6,88.50631116450326,0.3646148185336708
0.768647491917657,5,0.8262227151140552,2,19.85707418790311,0.4615981379205068
0.10774094595589656,5,0.8266315348847301,1,93.93587821014351,0.15439597308410122
0.9160118451376079,3,0.7377641244364088,1,34.42275096730023,0.4505150891988515
0.23021399089488082,6,0.8073288894344991,1,12.955121187574772,0.3417305589153843
0.03741255617617978,4,0.6191109005887516,0,27.382134270907848,0.2851092108265582
0.5548524693914834,4,0.8828965119547677,1,10.257294159915682,0.411295341182897
0.37092228386243875,4,0.5837577883081941,5,76.10267922475244,0.4319029297314307
0.8297897431324132,8,0.8784013451697065,2,51.12976212869949,0.5035801185965595
0.8082514720643018,6,0.9320402901811843,6,35.32879569801209,0.5573730683481021
0.31713889282271535,3,0.7626109049040197,6,64.58446441684062,0.3527642013028517
0.952899395069745,9,0.7794236647256723,6,61.75818733552882,0.6657200220991341
0.2909178381401186,8,0.6904964228149353,4,89.58848803048312,0.4711765946166131
0.5150571292317145,9,0.9862563626765144,2,91.51344650735417,0.33107959448292323
0.25596509056760275,7,0.8799060135517954,7,66.26153980988647,0.40476117949477763
0.9360435700489633,3,0.7160448489851553,1,78.60343345197516,0.4883008925323097
0.16460781758201815,7,0.6286633238048523,3,76.31825903016608,0.31817151044222014
0.04491061939232899,3,0.6488108164909412,3,49.21731794299098,0.24899074099398488
0.43509706000303794,2,0.7587650287495226,5,68.40124592300752,0.34031545996349405
0.992375564055837,4,0.974155780141452,4,12.043310691521317,0.5404317218282473
0.891677266254914,9,0.8803658555924132,6,73.22189748352763,0.5688111037066568
0.7486080194569492,5,0.6468596866806174,7,91.56497064731309,0.5704110953297585
0.8907924908785249,3,0.9368025100385041,3,12.647727781316458,0.5066280104480092
0.8934466396978632,4,0.7201902353543566,6,80.25042061326691,0.5654872722080413
0.5188583603864491,2,0.9332749822386334,1,88.96820239843441,0.2160093499291095
0.315929051830793,6,0.658764819091509,7,25.35700008218559,0.5085758344177939
0.772012432110988,3,0.8283972753713429,1,52.233006884828335,0.3740381967185597
0.6616612631677611,5,0.9670017196365769,6,88.50724029166896,0.4207628089263697
0.37365772887371007,3,0.6660523041165074,3,91.42034040706712,0.3850179400410454
0.09446666806151527,3,0.8618169657636348,7,16.509414591708474,0.3404972057137251
0.746789611349026,9,0.9942906789807148,1,36.41038029999056,0.4521780360799234
0.2624605159228647,3,0.6177692292593516,3,67.8330177035771,0.3281228899783618
0.9368131505337792,0,0.5897810308153035,7,24.940264944733727,0.5493545447296748
0.24097057500568475,3,0.8533878366001673,0,34.229356577103275,0.19874454499910998
0.12275793241148603,5,0.7028811764870637,2,7.096195400422395,0.31027719612279375
0.8311126721249061,0,0.582060014814966,0,18.8169512838079,0.4216725630840519
0.15328431662449404,3,0.7638875280476219,2,55.60965449759694,0.2750128283455218
0.1792683081577391,1,0.8891968058397801,3,63.77810596737645,0.21130513096050543
0.5993827915208435,5,0.678305080186835,4,63.402064798625325,0.4875263624583388
0.8745620408374645,7,0.7007710948773107,2,75.0524423700395,0.5066556591941559
0.19643466571457324,9,0.9305647302911375,1,42.37532723649123,0.3164244592420269
0.31032367290009477,3,0.7840323605176697,1,29.614164461703997,0.3043848804854027
0.7774048382411776,8,0.9292293859629124,7,6.402263003827249,0.6169122424161457
0.9718264260609674,2,0.7508752714646693,7,23.59668434471482,0.5931314323983751
0.5007411862023423,7,0.9788388227020466,1,33.114903098183355,0.39438850786290613
0.14389750255125078,5,0.8428575653729815,1,21.038617083241896,0.26970306190284893
0.013936287708201545,7,0.6021544893936622,0,6.813002434694203,0.3436110492024114
0.22965602999885526,7,0.9482918447020603,7,19.17028477986724,0.48168541672486137
0.13182221778652103,5,0.770169335873859,5,64.94895982108152,0.32064960757680006
0.6776586736128575,2,0.6137375355878073,6,61.66268748253362,0.526080664995948
0.12183250462853112,5,0.6187105602286394,2,89.21152754582381,0.2969416858047964
0.506329931620633,8,0.8593902707994423,5,76.83514622575784,0.4199490057559685
0.6942624356428865,9,0.5713176280282705,0,56.09805051570721,0.5062871622921854
0.5811166092209024,9,0.678967194211216,5,17.38007127438902,0.5859552364469808
0.19977565166005762,1,0.6129044157114407,4,55.76646370326412,0.2702950803589095
0.8041245261822627,5,0.748484843327778,2,10.543555482276268,0.5283638991572536
0.7154071296158017,1,0.7364591973974626,5,43.77964076697675,0.4689170202108528
0.7389840039155418,6,0.7848443956099852,5,40.12327660524759,0.5867655781680603
0.13105775155731325,9,0.6758363480961387,3,43.50324284266475,0.4223502482622471
0.12375380365034461,0,0.5644196152201798,1,30.18433265553085,0.2212165179529313
0.9275625510065076,6,0.8264737479408336,0,66.72474028614414,0.41245835072170356
0.39757819382494064,9,0.7181731012970581,7,80.68500205689016,0.5224128680288477
0.30094869178093975,8,0.8431007494330209,2,74.16652933390797,0.35361599665296845
0.4885840453515333,3,0.5989001368619209,2,61.49768862117923,0.38834035337496925
0.6628642127635824,1,0.5561998098823226,5,53.451031939971195,0.5332954883496228
0.9556232570469699,9,0.6617324115483818,2,7.797576200722734,0.718174194412065
0.286446226882055,9,0.7554462953473235,3,70.06405988227291,0.4368100618930123
0.9248084293120271,5,0.7273323883758103,5,54.048464562064765,0.5564486532354429
0.024859491386256316,9,0.9146361498730599,4,29.366694559749817,0.3390422729119599
0.5551980423268247,0,0.7200269398867708,5,34.50578349680975,0.3929515560216899
0.6339751116810851,6,0.7886985308213855,0,89.20461078227673,0.35055107629639176
0.1058974037507533,0,0.8170820165989865,3,61.192602060550435,0.18757005066448246
0.14033959706391264,9,0.5598241262406153,3,47.83211911917755,0.45127099391631365
0.41911431931630383,6,0.7818100195807851,5,60.882956573756694,0.40049960053429745
0.9662319121431817,9,0.705174066729477,1,42.23680924870913,0.6559937489847599
0.5960425532343728,5,0.7395760574574646,1,47.31640458827146,0.41842165703194
0.9330232216002112,0,0.5951293293228627,6,31.127833103690335,0.5106246666433898
0.8043609156129707,0,0.9022692545418903,5,44.586797053248006,0.4133638782448215
0.4673816015552915,3,0.9740819128638352,6,66.70330091941194,0.3609268950089039
0.7847634492521874,7,0.56002096928332,2,8.59477325778223,0.6435127900401162
0.017836783976987736,1,0.8206177432651066,7,76.55246665665393,0.21476984062636728
0.10914399676573494,8,0.8937298302797612,2,30.468158677518154,0.3511807308056783
0.8294286148827363,2,0.6781634148924502,5,66.43038140892497,0.5022216089358899
0.7968170883251617,4,0.9044000131884475,1,62.8452783212054,0.35939820660810384
0.2326407419664337,2,0.8345597728448356,7,63.73652442271748,0.2762107517515283
0.5307695905990535,4,0.9681231845219815,2,59.73160246302226,0.35864527469067886
0.6060158207000109,4,0.9914521651091978,6,91.31916542625814,0.42100206485789876
0.8677389537760112,0,0.5690557512994172,2,50.75097464258518,0.4644940505775055
0.6031071573387257,5,0.7502219924621528,6,70.90872039638163,0.5298391303250987
0.4125715692736803,7,0.7961445044101982,3,68.49043981111198,0.43419320033969067
0.3741840434071827,9,0.6160344549434437,0,26.264081955049733,0.4824913792156358
0.4258820863735099,3,0.7013286236923127,1,30.497525526814304,0.32334559980015026
0.6519310255799742,8,0.9944413514904078,5,43.16153883412711,0.5595002934982336
0.8674906317523249,8,0.5573037053541122,1,29.99281374168883,0.6357674924117289
0.45389688207629975,9,0.7536285691859729,2,38.006878903696375,0.46567988018435164
0.24783956295135812,3,0.9291945797731883,4,40.186455253547535,0.2668186685294039
0.23666236299758114,8,0.6957555682236798,2,59.34781048445095,0.39291551980431916
0.7460142802434464,5,0.765909326239819,1,24.790103846155546,0.42615507612176995
0.8165687634239104,0,0.990120585604591,4,77.38626792890186,0.36604441295770934
0.10527807985412496,2,0.7636945764140668,5,44.378272109435414,0.2514243833024646
0.06655885695517816,6,0.6089145904659246,5,68.56197005149221,0.3740452826833087
0.5944336637564518,1,0.573274671249876,7,12.329823311673609,0.5082829978820482
0.14617324419269828,4,0.9754374575979768,0,47.29688547119302,0.17476316200538117
0.8246641904563413,7,0.6696142359737796,3,7.539757895959548,0.595998644064546
0.31033467392407443,1,0.7768287579540479,1,65.83189926340083,0.21697443048988546
0.14387193297114265,4,0.590815794740486,7,35.93390692973626,0.47745511065700563
0.9209704724874502,2,0.7406448042477723,4,90.43275326952458,0.5072489762262267
0.16553172273527816,5,0.9685474836625558,0,34.17117931412774,0.23398583524068045
0.28472008233793555,2,0.7760858471339223,5,55.742530821595416,0.3186432041293561
0.15361339519205863,9,0.9870108183110475,0,28.164881812515322,0.32649246788812697
0.11549006366535497,0,0.6664760367568299,2,60.81013660526063,0.2286169851283651
0.021148016336440034,9,0.7770453578667718,5,47.03381151199111,0.3639047024560221
0.05539540916426011,7,0.9367888563141964,4,38.35654353550696,0.3067416991062559
0.1746414709358527,8,0.7517135595491847,6,23.33204141721619,0.408973263089201
0.05338193262717539,8,0.6757693181065854,4,15.036920957430977,0.45072839261190223
0.5911438161109712,1,0.9349639135380468,6,15.789122056100593,0.47226377212370474
0.6807145267995064,9,0.7254502609926741,4,94.91360157549978,0.5353406699548762
0.39363045683202824,5,0.7888254809771054,0,42.10796541715112,0.26502449764109054
0.3179910969520494,9,0.9894371798868156,0,5.1736737086005515,0.3911310759026214
0.5045262370222301,8,0.6339174826401388,6,90.76359115634129,0.49749223430582057
0.8750049422346086,5,0.6856302865240836,0,6.798193180683139,0.5143952346087447
0.851131626822206,3,0.563981320031428,3,42.67275129990803,0.5567186984326269
0.04347506201279194,1,0.7263269694595238,0,69.57298273735903,0.13952441726697937
0.18149840959652408,1,0.6400825437631869,2,87.31393199345855,0.19997169168454393
0.23674487110439602,3,0.8560157209335512,4,69.1597662288891,0.25337159589099195
0.24938757583221183,8,0.6315946564446336,1,46.726317941001064,0.4027163723541291
0.5712326517427727,5,0.8536657385826414,3,92.69978350856931,0.3592196107932311
0.4162624257031923,4,0.668563942685193,7,8.538744472994338,0.47717188355857487
0.04925411992759399,2,0.70984802535454,0,93.82029822842073,0.1235170359668717
0.3736141384595716,5,0.7069872934208788,0,81.4452396537595,0.3140799572265478
0.5237529487176372,6,0.8725382875736243,2,88.60370154137232,0.3525445071759238
0.10167190290371597,9,0.7599291684122544,6,27.929518168778298,0.4126845026518274
0.8334585537885597,7,0.7125845044837074,3,17.821226505584278,0.629992152151323
0.051961866465104256,6,0.9336802235677525,5,64.698375143543,0.19905578579575012
0.9248418690180621,9,0.8073777815385412,0,51.4273494187508,0.5407898112511794
0.0991131415798755,4,0.646223869575099,5,52.08511646699415,0.32123690497657625
0.8435749515977528,9,0.9550410751646572,0,88.21572606348958,0.46054185696081446
0.9026531439276171,3,0.7041926332151383,5,60.8072815987936,0.5545403575097889
0.9795706805865927,1,0.5675407198917942,1,32.99574515941309,0.5415432232914471
0.8020258802735936,4,0.7725701007885039,6,41.00599007760884,0.5275871026067784
0.7794775407713289,1,0.605772124498395,2,17.014625158266615,0.4904830760685378
0.6424832759955477,1,0.6573098996720842,1,22.30826362481204,0.40073379589227504
0.778996354578129,8,0.886199892709335,2,17.901506318858466,0.4904012456217498
0.13455220841314708,7,0.6088383160193434,0,77.9262207090219,0.35724607047310963
0.5360680359476373,2,0.9131249009593161,1,68.43861211749069,0.22968731960976546
0.5142228701904145,8,0.9716082796589292,4,52.73105158497667,0.4562186577267069
0.8575721441225576,0,0.8229394451835751,2,38.69310502648137,0.41204247524032456
0.46279936559351587,2,0.8696616364102732,2,65.16448612919154,0.29202901791616726
0.3850894961003535,7,0.8711139744583378,6,78.16148129261849,0.40724956745805485
0.6395632712371101,3,0.9967635807717002,0,84.31098941045381,0.2931846763019692
0.26646331750084606,7,0.7036922179907303,3,54.23146053857002,0.34922345599570837
0.13976841095395687,8,0.6232854480592162,1,78.78966096377307,0.3340946366473923
0.4778772740237458,0,0.7836252557114447,3,51.01753580714255,0.2857730921755463
0.416889368594885,0,0.7899624144242687,2,47.707708026910176,0.2470495606834772
0.2325699405288737,9,0.6300606197332651,0,82.88886700598903,0.3722293938429632
0.367511810115128,5,0.8258992385473628,0,39.77365426381976,0.34632943541546846
0.3663924498262474,5,0.5563561300645709,6,40.6321411136632,0.4823988884629624
0.32749556441254546,4,0.9674507811043997,0,32.44202107564245,0.2773643856697946
0.37946407972692897,4,0.6690584250195678,6,51.6831555465155,0.4388836820800092
0.6857433454559454,6,0.5678020937755863,7,54.03650303205146,0.5842040108836953
0.2968764745712853,5,0.5987122486636857,3,64.44150307794112,0.37345481433029115
0.9488579267153404,1,0.6581120267258388,2,43.74520790986135,0.4748995866995326
0.9163480195381779,6,0.6732577758727204,6,24.60535626952394,0.643584808248586
0.4809104283000786,6,0.5647644997739779,7,83.01578561724882,0.5341707057889553
0.3283612050046888,1,0.6757096654871781,0,36.14007805142129,0.27048025270933357
0.5354347898300031,3,0.636823781422067,7,88.06490778561572,0.4068900928597859
0.8485604887736246,7,0.7203794173455333,7,23.66179997238102,0.6225157124661422
0.652587340560102,6,0.7233254818101862,1,55.405172861260745,0.4610301924503959
0.8043918279470774,1,0.7025534832712956,0,53.295358417650704,0.35792522628481255
0.5327222760657402,0,0.6975657475888168,5,79.57830631342958,0.358658174262098
0.6329176292676207,5,0.5903790749835631,0,17.496624807574676,0.49821184257009643
0.2881556141824617,4,0.561342226206773,4,86.89434556257152,0.326088197018307
0.7348931623102908,9,0.64095143507041,0,52.828535495486314,0.4950554367927128
0.20240459312571835,5,0.8904922423374769,5,57.74984455229298,0.37433142327291213
0.6947981288184982,9,0.9958643944980049,1,50.91496639679904,0.467855497113123
0.8607190683258941,2,0.9678367787757981,0,8.242241615263982,0.3854370644883566
0.13210283730154393,4,0.776898709991996,0,49.73815956259383,0.19764980055048245
0.6143797405419198,1,0.7893207351000704,1,28.719469640929148,0.3317010432794108
0.0950957482299346,5,0.6915617060661292,4,35.84193623400483,0.309079191635044
0.7257156282714269,1,0.8982727473869453,0,63.419143926842594,0.3262297229305669
0.08449321882352023,4,0.8941405095696919,6,49.792741652669534,0.2712175619937739
0.935939822700626,3,0.9299225609121,4,13.38963914007144,0.5527177050885794
0.13740793003780216,1,0.9529770597385979,2,11.573714728558302,0.18688553175503253
0.9588802459090804,0,0.7454571617013831,7,21.70919260556333,0.5295400852332955
0.8008841760850967,5,0.8950940056482389,5,22.17966319150013,0.5252730405815551
0.5936820044663541,9,0.9128794279581454,5,59.747068127422835,0.43516267289790456
0.7826241046295469,1,0.6888068301239876,1,21.00330176409885,0.4267091647935481
0.7951148389830859,4,0.9681590098027675,5,84.35474809472936,0.43078637541559983
0.9460270628173303,2,0.592453676187845,4,23.87845945520718,0.6015585227394697
0.2533833538391872,8,0.9974211306234773,7,13.201830088374436,0.39811874556801113
0.5900758953583092,4,0.8965408231714912,3,83.81714147236822,0.3901764121681581
0.09504919756440122,9,0.5919719073959473,5,31.57948184690597,0.49731027942335726
0.6161657000241213,2,0.8453033416472503,2,43.288036685036225,0.3952971448213474
0.1712913040927888,0,0.5653807349177171,0,91.31237456111981,0.16714819165716344
0.5649506114724419,5,0.8965841272498823,1,89.99322972419965,0.3545128269281449
0.5724305140338497,6,0.9096503147465749,6,69.3425200338426,0.41333673444246144
0.46598515298122734,9,0.8210846138911515,5,11.204505655929925,0.5684613137217863
0.5226317755131228,8,0.9355871763624567,2,58.400611287025775,0.38885724441329855
0.7639233900065879,8,0.594047476096687,5,94.0170141538032,0.5408560788513134
0.7992447165120666,6,0.674165728918366,0,90.22246055815825,0.4172853066209394
0.4921532155754291,3,0.7363798847167018,0,14.540224326794858,0.35917670332553653
0.5995934415226123,4,0.5691060787726443,4,40.63705727813318,0.4772354792389613
0.9312362356901018,1,0.7516972394070248,4,33.398307131255535,0.5143304596748929
0.11973358850112281,4,0.6693460552506547,7,16.6755296214415,0.3589109064661111
0.1171035659001105,3,0.7267307554457889,6,67.53184801238848,0.24460360658772157
0.08770901191076841,0,0.7412961843965379,2,29.646352792421307,0.240013927705982
0.6578632850405278,2,0.9457352800694583,6,36.0379222812768,0.45450124709556
0.4186083007903795,5,0.6716534367374376,3,13.132298903127616,0.41930792707221254
0.7743214161418432,3,0.9521844079223224,6,49.81708029007991,0.4668432532677763
0.6712314133085926,9,0.7416869341657821,1,19.235107728685083,0.5760477945284869
0.33363775832823817,4,0.6975134743122937,0,43.88813812215402,0.3244008390469622
0.8983665473615358,9,0.7761304222008157,0,17.900799989297134,0.592023251554464
0.7625321470706523,6,0.7379844788632779,7,90.84649009551312,0.5875216567492408
0.2705349409101757,0,0.6658175408748158,0,18.048427987742834,0.2247362948105693
0.364192017772054,2,0.7762056961582301,7,51.96984384655699,0.38542169090544054
0.3144399802042629,7,0.6183107798854741,5,22.728184278708873,0.5002406556624297
0.15761164862499966,5,0.7083684743603348,1,11.872562312534832,0.31888595225475014
0.14778337254219165,3,0.8046055987183408,6,23.207775695788836,0.3307816710446609
0.936127463375744,5,0.7360337099754364,1,9.929669665139247,0.5578361889885796
0.43790403719875326,9,0.9207605624728584,1,17.545764480888995,0.43341753094008817
0.38331982277740984,3,0.6655247926908249,4,49.413574198689524,0.35274834518579146
0.7296857086773779,0,0.9863972104739546,2,63.663396895181684,0.32019689038655647
0.5529930652528999,3,0.9031249093831081,2,12.860583356460511,0.3454645526406447
0.9361399868384622,9,0.9854168616988624,1,44.691676151384165,0.5319991011390237
0.7803014939093922,7,0.9271614496736369,4,57.312232056801676,0.5011294395160053
0.47936956412454035,8,0.6139467666332392,0,26.080310858995535,0.4849869750998333
0.3763594734808262,9,0.7869070407857562,1,38.48705703644229,0.36287090660484655
0.986631544924322,1,0.6264903345381037,4,11.465138276024778,0.5996290360146297
0.7177602360036435,2,0.9182023086822658,3,24.81179722097854,0.3869059859811832
0.9511946600038411,0,0.8128729671324831,5,47.0077633327046,0.5154812917286385
0.11847857721704136,0,0.6685521914606076,1,94.13979610327901,0.12867078146119684
0.8505336791907826,8,0.9683195374032271,5,94.663855664522,0.5207010561698857
0.6370738839912076,9,0.6018337239914173,6,93.16595130118591,0.6474113641003748
0.12192167833511258,1,0.8037380815620914,3,43.07777476702948,0.2104940620791714
0.5882579999692207,7,0.8744682496000264,2,12.261234057319852,0.5102646000736435
0.6860963651054488,5,0.5764818417995944,4,34.12160935244002,0.5537581922962329
0.012302685888602838,0,0.8190352149427916,4,26.394293783387955,0.21000027315629968
0.45431796184174655,9,0.9171555469583924,0,6.271391741886912,0.43283386775338023
0.8253995111963212,8,0.5803872914881241,4,13.571024925953786,0.6993875543499152
0.29535902534408986,5,0.7805093369979822,1,45.78727415441595,0.29587715081372395
0.4585480817985511,7,0.666350730166933,4,35.56962174238673,0.47088566456486974
0.4423141270678932,3,0.8483160031916144,7,21.231834947103472,0.4214761166640502
0.3019273914424916,7,0.6034048151854803,4,69.44899735928723,0.4382693275668129
0.9184418955155542,4,0.9716731438017281,6,37.14040363069567,0.5313493155070287
0.7812940354315159,9,0.9526278617716293,2,81.66810701718899,0.5033713844634937
0.1105884109961105,0,0.6336884889440692,7,26.68794442368056,0.3684584076337809
0.9970346578375731,1,0.6954696479642971,6,53.45541410779623,0.5250124211353511
0.8792000243077452,9,0.8144357385938694,7,21.572529543426423,0.6778100793520119
0.28390843786403896,2,0.8731280514854127,5,49.57705547472578,0.25797628046374715
0.8368965796609382,3,0.7491952068221163,5,18.721985808054757,0.6097093761074708
0.10641953187138287,7,0.6203310948824388,4,19.542076193436973,0.43144109462102304
0.9991047304742386,1,0.5968681722112923,7,60.10010393378141,0.6060583417572144
0.6656847361065369,5,0.9998944016114547,6,28.740743795819007,0.44328482508234696
0.650125015558797,2,0.7549084546495692,3,20.513050390782258,0.43201224094425833
0.09044072698413275,1,0.9426392871168242,0,88.67914251215659,0.08807069333626974
0.8970333988966253,9,0.7670692020831015,0,8.870292566604597,0.5908896958655748
0.028999503204469423,1,0.9650609373457015,1,55.86333014262984,0.13259245522707744
0.24082805804114704,0,0.5894917222471978,0,54.343745764993876,0.28988667485483566
0.143021875166635,6,0.601308636100548,1,27.55479869627538,0.3253627200157596
0.7767679406922186,8,0.968334484475901,0,45.7494570601536,0.4245346866492358
0.19820422721289788,1,0.9763718702701533,7,12.896400477437192,0.2773892181530366
0.9106382271308853,7,0.6916228513594135,0,69.9143131331497,0.5685574169667572
0.6562690393274901,5,0.7098241991472424,5,24.952743353914087,0.5694925781684128
0.036162710494696215,8,0.7536026056756411,2,22.404682384390032,0.3434776448112991
0.0054298341287004614,1,0.7372727560302809,1,33.339063044975276,0.17381848811809086
0.051657917014398924,9,0.6355203471818185,5,86.21329282368278,0.3696576866992807
0.6059251776477277,6,0.9542689227727186,7,76.68199834551883,0.49447913898791535
0.8014818108594153,8,0.6639884203175397,6,90.22030620203819,0.5953300772531449
0.23855282062738847,3,0.8673725842649432,7,63.67661114297769,0.32449379279535306
0.849408842923073,9,0.5802200549807378,4,64.66293599288788,0.6683683962847272
0.057231940153260386,6,0.5674380991877933,5,48.20278994835952,0.38521741915817365
0.8009638536416762,1,0.8441787126596143,1,86.46676910302779,0.3244787290196361
0.9277954301722804,9,0.7025571359079672,6,50.97894343432961,0.6945376578062349
0.7721083991043806,7,0.8449567267240006,5,36.95540637155222,0.5910485940925541
0.6981207839786372,3,0.5923095409759737,2,62.633750892589866,0.4956198913215229
0.8379802186553831,5,0.9774331209621385,2,54.152554406086715,0.457947817917376
0.04015129954706642,3,0.886831510101893,4,16.161783377890593,0.28327515566948414
0.20178211071905539,5,0.9443202548616096,0,40.34528725211866,0.22811366038516181
0.12492367930564308,9,0.61141174932003,6,33.1992869985032,0.47269094356812075
0.5045309901929865,8,0.6940724360017912,2,81.21503975100185,0.46374573527349977
0.7451881283288445,2,0.7157548738928549,0,39.09583012757979,0.400659114635877
0.6300118445763987,9,0.7917276917470684,2,78.93997093750033,0.43695280003615966
0.851131099761935,4,0.6835908184783365,6,44.8150634510851,0.5722844731551434
0.15521299244109088,7,0.5772838339852323,2,72.8150507101049,0.35444097782146766
0.7346210919351616,7,0.7159952713318618,4,17.175373566007092,0.5738984001707215
0.1930414908689041,4,0.664547191582277,6,88.21851976926162,0.3905091974321042
0.27075875131780025,4,0.7236645811584467,0,48.250390171902644,0.2964562610408923
0.7099046972813039,4,0.6386317941790118,6,28.381842106367575,0.6086268660699301
0.9802047848986818,8,0.667853368554131,2,26.73406457283262,0.655766786607804
0.6115436059770696,3,0.832128553194521,5,28.856955971747475,0.45276562261549547
0.054500314991295595,2,0.7246692255601294,1,38.00517556261709,0.17782967801643176
0.6163089699275328,3,0.7054225269262715,1,69.5767579408055,0.3680681873017834
0.042350551580167095,1,0.7902575347250679,6,90.46427386107142,0.20756812570197494
0.8841457113668172,3,0.8973372433797666,6,65.21336871112689,0.4571826173329496
0.7095782851006207,1,0.7204905803565808,7,54.244964384969066,0.4635700519629601
0.17312784642250323,0,0.8143837716501283,5,45.37380272154212,0.2370201303371859
0.09172100582419807,7,0.9847911814156793,3,79.53750203338548,0.26043539068162574
0.18353322888031898,0,0.7848910513531229,1,81.4691482201463,0.15995856096523983
0.9800271795541925,5,0.959408909432895,2,31.373390698953674,0.4928429813501242
0.4585606424584898,7,0.9071526809153921,5,90.80782237880871,0.4177882882061468
0.784080948341408,7,0.5764234067425674,2,40.560382688574386,0.5725956822477507
0.6364083421077769,4,0.7430944921611656,3,77.0070262272375,0.3283032526191555
0.5724131499586373,1,0.8642432835408647,1,92.013789027401,0.23785827411642776
0.1451302546650497,9,0.99402036060169,3,68.32922907700501,0.3453244163763588
0.9460244535580951,8,0.7562693310226807,1,19.539565380607435,0.5534962652323207
0.30134263251471793,6,0.5917534543570327,0,57.752325965653775,0.3580928362119696
0.5780172158075422,0,0.8029041286207905,1,15.689941078602057,0.3732970279340216
0.6997759445890661,0,0.6069537064557822,4,76.02278358820337,0.3843531845842565
0.6492331552453089,3,0.888183802125727,2,30.318365648649465,0.38997010280634203
0.9405944096955184,1,0.7784546488578,0,67.56933407540167,0.35087483890196625
0.148438989920058,8,0.875544115769779,4,86.90807067171791,0.37255453161176194
0.5083527384469421,2,0.9412128220953356,1,21.290886560315514,0.30216175064003475
0.40403439074076597,2,0.8330266077232498,0,40.35720547410501,0.26399526510113286
0.4741687294826181,9,0.8255976981639317,1,63.240690926620964,0.4619895173423502
0.11921752619774462,8,0.889556632947834,3,42.7692733528551,0.35670117810887425
0.13409460987276534,2,0.9291047506537004,7,20.73370474622437,0.282199628577278
0.27807554578125737,3,0.9410742038246512,1,7.6164452751917295,0.24986932978040322
0.3047046037608313,5,0.5663935880572976,2,41.593832933176664,0.4105670903164473
0.42790321368135,6,0.8002856335590052,1,63.42881239237283,0.3348971116703927
0.6109875470366283,9,0.6473211894088982,2,56.65857873372398,0.46879008866142413
0.634629117418263,8,0.9371556508518025,5,19.061711578457817,0.539190886974898
0.41181089658557024,9,0.8417789583415125,2,45.5624099480648,0.39062973960848385
0.4087831094286971,0,0.7391001155645972,5,38.252394156312754,0.39184596238805885
0.21762852669696198,2,0.6346469026546081,7,29.67821620640599,0.4035022452719252
0.5883062484090082,5,0.7025606316639219,7,70.63441194743503,0.48431205295697966
0.3170409113172379,0,0.8666999625431011,4,32.86868270244659,0.2496096276170759
0.0360598342773637,3,0.6419617953452375,5,53.61277570997263,0.24378279810070957
0.4184000441568604,1,0.5921123254022678,7,88.09011817426548,0.35766795711881055
0.4741326750901703,9,0.9496129412023979,6,53.534838402822416,0.5242914248998501
0.22559286820421098,0,0.8938946573110526,2,60.532061914450466,0.23812571858382142
0.5724579331221157,1,0.6399077187961597,1,11.592138755079626,0.4107102068784839
0.5657719004319209,1,0.6815401945434962,0,21.03207293675627,0.34555317239831507
0.7020021811103714,1,0.9874315797088986,7,14.085607936830213,0.437948370199439
0.64794848220121,5,0.8686830190416028,4,73.83316535202562,0.39968575014064583
0.6524330565210316,3,0.8247349018962211,2,80.23289728251581,0.41860627117993054
0.3162141518240431,9,0.6884328184408587,2,21.780976387511988,0.462812603493555
0.7874322219859539,2,0.6846063148749351,2,24.734457583078193,0.5313125251958493
0.5491443835996794,5,0.5677856284106038,6,34.08865605435046,0.5930138372112043
0.4314181951798901,6,0.8778168401058691,4,58.196985525845186,0.3445503700612664
0.6260124809410571,6,0.5694288512755981,7,60.96165744200175,0.5657563021486371
0.3606573344502543,7,0.5521858019997756,2,66.80785626873119,0.4107715398411865
0.5127392446067582,2,0.8782727895374406,3,86.46734805921163,0.2916408370152834
0.7367056884822203,5,0.9769931907171064,0,31.553612644688435,0.3934003686272884
0.8864028867237077,8,0.8904263714772898,7,64.28830902860982,0.7101631369811243
0.9210571972951916,8,0.7622380857809704,4,55.375056119992294,0.5830657453890798
0.5036329251830992,6,0.7687203623023929,4,32.52535163713104,0.47825353341213217
0.5202751147405691,6,0.7462613901920975,3,86.6673667934306,0.42759505235474987
0.7998704107638365,8,0.6960896501996502,2,13.593507076329574,0.5997980434688329
0.31445069174420126,6,0.7847713963836281,7,69.08009241488463,0.43361768334590944
0.8373823623450686,9,0.7440179307135018,3,70.50863417203418,0.5496073250239134
0.4941416465174234,1,0.8191755460183486,5,87.37938749209654,0.3230138057966238
0.11585672433526839,3,0.9541540362254926,0,51.67225331162182,0.1698882248178167
0.0720591470729437,1,0.9977542377957146,2,33.946010439732135,0.1555611917613562
0.8419932110394631,0,0.5854344804473127,6,79.49666028740184,0.5063487100299716
0.0555679169068779,4,0.7231075626976037,0,74.37292536491533,0.2338987960518341
0.2806114361336559,2,0.6313177880950643,0,50.028405297752336,0.2944345747760086
0.3341300405015458,4,0.7084542132664902,6,74.107163807043,0.3936571334317213
0.1729944451915938,4,0.6793628583467903,2,29.10880418695347,0.2852960642273287
0.31389336980198923,6,0.6285417092320548,2,58.05556973631211,0.3684768556549374
0.7426925667250857,9,0.8938342240395807,4,82.8665109309088,0.5148937685191993
0.014682843560070769,8,0.7733299342731561,1,33.61860541548612,0.31377413902448953
0.8271734245206864,3,0.9636605119977516,0,48.51949841876689,0.3543674180930193
0.8565480235745582,3,0.5646665994611566,0,90.59403687556005,0.4071317243559877
0.3722615731915482,7,0.5801401059093955,0,76.8390657774563,0.34415841902904926
0.1536128990606348,1,0.7314731123186549,1,84.83351182974974,0.11759674703711105
0.6008404079450809,5,0.5861247941818167,5,39.67223548014017,0.5307501672446929
0.11967255586489434,4,0.6682283183866751,2,94.68547336711029,0.1975692505335801
0.3649193610782525,1,0.9937133843844806,0,18.73090442154317,0.18230078728109067
0.9584291809009724,6,0.6440318233680764,0,51.68935248946781,0.5330143897534758
0.9954644725836371,3,0.6391529836354408,3,48.13460440666245,0.5168889721778255
0.7721048913545856,1,0.8081383009580692,6,76.8588971720121,0.4466305606498071
0.3109615099207662,6,0.7740992308569206,2,86.77559952635107,0.3426947376438192
0.6876650491660925,1,0.8111972337412802,0,70.80254392172537,0.28621485179952033
0.7054063654840127,6,0.7195308751938461,1,61.41346125172725,0.44596491036671493
0.38784169516364975,1,0.9220430619527262,3,43.46862717636534,0.2847460089887203
0.6408886345861594,4,0.6123612481491083,1,50.92933253681608,0.41557709288471434
0.010727644975676243,8,0.7427766906286596,7,50.837028190233966,0.3844550752973852
0.20905765860224146,2,0.8603928317998392,6,6.833162631593989,0.37918088134470734
0.5250883029672612,7,0.9407063981273048,2,50.27412243449099,0.4261014010852447
0.16375130425829587,7,0.7163072228605409,7,82.03737201567124,0.4273077136169999
0.16590686787653364,9,0.8054855195921887,2,68.83466100280233,0.37483535810393337
0.8363042905502379,1,0.5811129752532678,1,76.61377599125044,0.3584309055994831
0.9891330026836055,7,0.6266435896503231,7,40.143649079166885,0.7618004207171272
0.5559694280284484,9,0.5811121731097516,7,52.60759132216622,0.6419170573064427
0.8390697308817134,7,0.8775464013993348,2,8.013521209739043,0.5821442392251134
0.9903216643262726,1,0.6796269859249633,4,39.46981479524092,0.5443347913948909
0.1415958885687747,8,0.8756853805863271,1,47.697444040337956,0.3060777221241174
0.4482456132543511,1,0.5798792255694736,5,27.96880096391735,0.4170258002491579
0.3925727158419199,5,0.9381465101837465,5,7.811688109158483,0.43018783040406705
0.08004928364618502,4,0.9259885891499913,5,67.13672979010569,0.23977847074911549
0.7553301727947445,5,0.5900179343726273,4,44.15789757639589,0.5859729536708239
0.433779027322593,5,0.560690427905734,5,42.41103738010108,0.44370636450367734
0.4693269341904013,0,0.5753299658418961,4,27.4988078625658,0.3782195050802522
0.15067297381324019,5,0.9341335779160302,6,53.40473590982154,0.3821084592094423
0.18092665223086812,9,0.6556165700733532,1,44.422410314365834,0.3759190289293845
0.907103622156215,4,0.7967229930361849,3,47.658602572618186,0.5043812241232958
0.04464908897427888,2,0.7418098914310256,3,57.27842135927438,0.1904364044747506
0.23285228494370624,9,0.907986486802871,4,5.569218251576182,0.4523652157173927
0.29205933031452835,0,0.7700042356618018,1,86.69263131845803,0.1550861621561842
0.4901975424015864,4,0.7752973782975714,2,11.397865725057313,0.40376872437681427
0.5864451730147959,5,0.9950913727749561,7,45.58322725843951,0.4882934775333123
0.4932899758506666,4,0.6175583005371658,0,23.663558771544327,0.3789709562849197
0.08411533455688203,9,0.9238167724356692,5,52.140413243288776,0.38954832759281516
0.24366745405571355,4,0.5732873855217482,5,30.220709791742404,0.44797455951134535
0.8435883847625412,9,0.7649419463078369,3,82.40058482563435,0.5973391268677477
0.6375887004784591,0,0.9488506707698606,0,40.67238505661782,0.26760778724199596
0.6491490501342744,7,0.8493462845218546,0,62.48800001915936,0.5071579161999629
0.6702032553513549,5,0.8583465787147598,2,27.399175533309105,0.47821116728966984
0.7629030190395291,2,0.6684927770154185,0,6.746553544461575,0.45474748664574727
0.058108481721447336,2,0.7383586561126544,0,41.373908205194844,0.15519123986062372
0.3666083849326124,7,0.7149614785745727,1,53.28378406024611,0.3837965879996702
0.5395274352616787,6,0.7846494445710974,1,46.359243613557524,0.45087643512917275
0.338456483297326,6,0.7580025685646506,6,91.5812927436974,0.4542410485731258
0.8444788732871865,0,0.6971042583446453,5,68.61552564614256,0.4985519447670589
0.48257250858729395,5,0.6874662755670266,0,94.61028205628557,0.3518506708300346
0.7686275894593791,9,0.662883801244805,5,31.555408128257476,0.6193921122094879
0.852015516881169,0,0.7142712610981413,1,76.01479516464319,0.3843868991599423
0.5047914829034981,4,0.6174736650703273,3,55.000262079195245,0.3910766951826824
0.9095522438713499,4,0.9424469359016082,0,60.058431900364944,0.3625713714842152
0.5871239405369806,8,0.8209537263250423,0,93.72678803980949,0.3943467230773413
0.8502742988337217,2,0.610203891517235,1,63.858847977600526,0.46311845221129977
0.3405907955915243,4,0.8622367003940506,3,85.89352031032261,0.3140758562230461
0.4988169585314852,7,0.931449910599088,3,70.31752112473224,0.40762917599652415
0.5314110410045777,0,0.6568910524235165,2,16.464750955227505,0.3821833778125491
0.10497971589607058,8,0.6177702674517688,4,67.94813392900812,0.36456363642709966
0.39855250670154063,8,0.5538777657101884,5,48.58840298169338,0.5331086070606817
0.9173376725516761,7,0.5712626524854183,5,87.69181936841082,0.5832303157067029
0.6308322403647424,6,0.8930131067365802,4,77.61510024714096,0.3732802212961308
0.17750658243696749,7,0.9942338494187622,4,14.37212188465027,0.3775406717870416
0.33885563560960497,7,0.5701961451143245,3,17.052407928820262,0.46571151466175137
0.19160300966269983,9,0.8866319315859517,1,11.264990161874502,0.39948288490473916
0.02482313179857254,4,0.5823379746284321,3,49.39203872701557,0.33197083449184933
0.9274604585040267,4,0.81645977120665,0,12.269458328661772,0.4732742166821878
0.4482073282568715,6,0.8902338770927071,7,70.13105029172246,0.4607320117488211
0.30753507242078615,1,0.711641978770482,2,54.712272330538944,0.2473030528446672
0.5984771915577366,8,0.5549206244997987,6,80.22965157978281,0.5277069835237838
0.0073144562930156365,7,0.8178352084564416,7,30.181620980418465,0.39250319592664956
0.27802210660081383,6,0.9960600826630125,3,51.722670574502665,0.29479272434851556
0.7030334656988926,3,0.6659278402773231,6,15.573171731948992,0.538152237590774
0.633769773069263,3,0.6352710747342472,3,84.61490023852524,0.47220855653405763
0.9818059475425355,4,0.6057666517390817,1,20.750446606085447,0.5253239652399245
0.620357709658044,6,0.7998650289550253,0,14.21260262153645,0.4534145870982646
0.4775058736277328,7,0.818400294712123,1,23.454553867086496,0.39410291742886
0.7614325631840076,6,0.906521876726681,7,77.56083398506833,0.5527363080664833
0.9033278719640531,9,0.8888829731292294,3,14.523307491621452,0.6294572479005391
0.7206959467183516,9,0.9516436726577893,2,60.298474535434934,0.4968797217910417
0.9632112235493796,7,0.9125977142540356,3,72.15631705536131,0.5065609329178759
0.7820051707381772,3,0.66127018738575,2,72.5973044434584,0.42121906253290753
0.8668014382619265,5,0.8001448321940925,6,22.105479794731803,0.6282162588556995
0.11410407118363719,4,0.683835381592111,7,10.546159853985081,0.46710014775490527
0.7324135029937877,6,0.6984034207981761,0,45.392574539499584,0.48413985567581824
0.4400886995273686,8,0.9693749661534984,5,23.22368107200915,0.44328656562468394
0.5531038024112752,3,0.8568531572801831,2,67.93437281125442,0.3414516342659444
0.6541024094823568,5,0.9885656859629977,0,37.10235196898789,0.43481111071509804
0.9698151167055694,0,0.737610641523435,7,45.441854692981885,0.5454227042593975
0.9845780814316246,7,0.7918469080092895,0,15.213643979154064,0.6160532792298189
0.28822824548790527,4,0.7692019389623898,1,56.079525789337254,0.2646285821412755
0.7337534974379162,4,0.5982791758856771,0,21.697177066871657,0.47759649664399234
0.7499835379352686,5,0.6565158975369716,3,66.10870948234434,0.5195943336977596
0.3464928613130488,2,0.787436362272017,4,11.405194029310433,0.3726034230444859
0.12386977486422102,5,0.5803184373098529,2,92.8305133053191,0.2637591494231491
0.04094696028571976,7,0.9691578681890002,0,66.60742807272305,0.16910166925182485
0.7773431275291786,3,0.6057296568745169,0,21.355661103073356,0.5000633950301308
0.4896997418169059,1,0.6390913358876082,7,6.268518091567021,0.5178650948611071
0.9855401694949262,3,0.8943945507723865,6,35.10166029846969,0.6048260596005692
0.46497345619365305,1,0.5936205438051912,7,18.75319376469867,0.5277016216396855
0.9779169790738402,3,0.9551251448269342,4,24.657019980759138,0.5189753706243372
0.4115760021940599,6,0.876565436825141,4,83.54752325941006,0.35644794086557485
0.7936821505599726,1,0.5808793856989866,6,59.28841940457645,0.5566261075020227
0.08481927231183206,7,0.8613311775785438,4,20.881188772600954,0.3756238769818603
0.5554617101377639,2,0.8342328439770931,3,55.09934606187039,0.31975729822515775
0.8020597869857242,8,0.8908072447329634,2,28.02025880824939,0.5063867961386598
0.9247016672198887,7,0.9226890336202012,3,92.85807779222803,0.5148880700093775
0.8225830906174316,2,0.8732577534279198,0,7.9481507237325735,0.4051940982599969
0.036970727201174225,5,0.8137793328719374,1,70.90865799510335,0.20469482830504365
0.3727023413067342,1,0.6951084933618,5,74.56973235722846,0.3593898476356477
0.04869847231385127,0,0.8637731478234681,6,11.044648756193023,0.2728927203316464
0.109282291114558,9,0.9806372130838508,0,20.46824278082164,0.33705333873513604
0.6753056286674841,8,0.8143848012379934,0,39.58759931935618,0.41146180578018976
0.7132581963116982,1,0.8489551907954143,0,83.13393438761611,0.2962066643236758
0.7737206827516263,2,0.7467076189899103,6,53.329994457664945,0.5154499612922616
0.8654565480556629,1,0.8902543643843834,2,63.97761650065615,0.3347981811193163
0.7394314684765099,3,0.9989503265523861,2,75.47115519111584,0.32447383447444145
0.8008715921066321,2,0.6221751958304813,0,79.5310509503768,0.3699720728541249
0.048963709823279244,3,0.641082375776693,7,47.865608877531294,0.34845385525707673
0.23453515044129858,5,0.7927469913989753,3,50.79138248961332,0.37646803385385436
0.6218977733752458,1,0.7666189287677462,6,69.62052713790015,0.468471754822684
0.8581253046248232,8,0.8072064030280235,5,28.700812286206375,0.6062565517520362
0.0045001249396591225,7,0.5720833214759229,1,81.9040762728972,0.300971848354827
0.5146293421163498,7,0.7319244053487021,6,6.870814202825741,0.5838008226591731
0.6772873993643972,1,0.8123402179295024,4,22.61944419887522,0.4341104942735107
0.029607289128613212,7,0.8133361080872332,4,77.01799487328529,0.3054995538856674
0.4013555575533879,8,0.8458002827957681,1,35.6232390703405,0.41119563257027364
0.8956348813836968,1,0.8740972130511987,6,18.484954942307535,0.5648083098341943
0.6716128088558587,7,0.8386962415033855,7,21.8079280140263,0.6243258496979266
0.2376583633605973,3,0.9056094199252458,3,52.76807617424626,0.22657246092467348
0.8527811296319127,7,0.8311422856080662,0,81.1563376410489,0.48076406227292473
0.3480314234095143,4,0.791878448141742,6,11.358564419399954,0.4643524518033624
0.8533446711440594,8,0.8227883929995149,7,7.743281821218446,0.6932620398866743
0.29894365111890553,1,0.5955370150389996,4,46.86513222531588,0.3728764404656878
0.590320250883149,3,0.672920443326484,4,91.05686735482712,0.4084513181074677
0.3969400677478341,2,0.7873299012961591,1,30.110882307271375,0.30690269432532663
0.274825050755067,2,0.9428442469307682,0,91.32534851603435,0.14904832131810503
0.8865575621718692,3,0.8555732003295969,7,84.89130589310012,0.44788534010207126
0.18759368193949133,3,0.5906836353123539,3,30.482156874876,0.34196308706170664
0.0848115912357631,1,0.8165237276999819,2,78.5253257830532,0.13023970242904312
0.34192693854566036,7,0.6497820944366945,5,66.72805723119369,0.421561061377554
0.7176391476415676,5,0.8803074519049253,0,51.064015001428146,0.43717141485699645
0.8074316059762817,8,0.9223483836289362,0,43.062452873858724,0.4937061585678255
0.9987433700667648,7,0.8170553226654881,1,78.39524803329111,0.52481899989203
0.2963620570111649,1,0.8161131743882694,3,76.37714894255191,0.21780907403065744
0.4079419511312822,0,0.7023661494448663,2,73.12427023483032,0.27005186528219993
0.1368212780296263,4,0.7508125095225893,1,94.84303560937663,0.23699330321838935
0.5748719296230336,4,0.9388487592169055,2,48.06612148472455,0.3323742922915509
0.9975800372629172,2,0.8754941489352205,2,77.62306800379243,0.43013255477297924
0.7008810101206585,7,0.7838891468631294,4,82.62305302851306,0.5227109582574374
0.5952128404133717,5,0.715704573811767,4,24.044232330831555,0.4425134424677143
0.392369092921794,7,0.5726708822298495,7,8.785979784775488,0.5852799346621381
0.9152987602855548,1,0.6143533305968734,6,41.42735619697217,0.5491951981230498
0.49691659613034944,8,0.6368613352927168,2,82.10630159930984,0.45123844768396476
0.1343669133130615,2,0.7180225944664037,7,31.01929530750592,0.3359862733786545
0.3653784631991335,4,0.9748646411843236,4,68.00091386606816,0.30702520295380986
0.0671666688477669,4,0.7773190276864369,1,5.661332515783641,0.32661772782961873
0.20197903768878156,8,0.655678073466654,2,36.982798908821394,0.39747371981329305
0.017668780999912204,2,0.5975875618576814,5,60.396502528233604,0.2880085715801429
0.4532799165001634,2,0.7022374860713338,6,16.67814710651032,0.5060888488779787
0.6345402649517972,3,0.9170787859979755,2,85.69462209326906,0.30639729354159945
0.34329246237890776,3,0.7225042570347285,1,19.06465794053713,0.3864872769823222
0.4203817715052771,1,0.8976276127100861,1,86.88141905035953,0.2037358994225153
0.9592092728445759,1,0.9112172392570955,0,24.47503778146772,0.45894032103357896
0.7519631215749155,2,0.5998693463644169,5,94.48508065242567,0.48739255297733425
0.5408566369449512,4,0.8238968886820527,4,59.42738419660318,0.4110686355938417
0.28454087511182524,3,0.9815932285169998,3,12.591040499448015,0.291653994448252
0.8969967987729952,3,0.7309621337065992,5,10.874951103079386,0.560512311905793
0.23509711688065948,7,0.57292484005136,6,11.742952663352188,0.5203287188869362
0.32534273051667706,2,0.9654862106160453,6,58.090347256185666,0.3275617630154068
0.9090648144229485,9,0.9476498267076173,1,77.86212820946467,0.5063015165106155
0.5295420552850724,7,0.7849636512440509,4,41.26664675934551,0.47685637286330773
0.7423179494179767,1,0.7985139041548044,7,45.03521833536756,0.47175821442599114
0.5907447941637661,3,0.6452834962492563,6,58.035893329816524,0.5101409692644908
0.6534392090094951,1,0.9187528399950868,2,52.973654430772015,0.3576247419263005
0.29938329151482557,2,0.7743700172764569,3,66.92555597911432,0.25553241174316804
0.24137206162666291,3,0.5652450078141504,7,47.46071481467239,0.4048320159963642
0.32249234716866526,1,0.8573567304020491,0,69.24746165576607,0.1945418274843346
0.15544156408342247,0,0.9777233214112178,4,94.75796682919707,0.17826963398574286
0.8743143652908074,4,0.9231177206555876,0,36.52680580238884,0.45936778287033325
0.2832469332501141,7,0.6747391630947429,7,6.0993916623815725,0.49388433117356956
0.5614893944143846,3,0.5739962882200034,0,16.30625409964893,0.41071921306990977
0.7919744251413741,8,0.9731581356421812,0,54.81627664882584,0.4215684103423557
0.7838241093757136,3,0.9716782261958656,2,35.983200843018686,0.3957190997632712
0.4383862585841929,9,0.7895868938707913,1,89.59843343344933,0.44140302055517133
0.47625730858672566,2,0.8390428352521908,3,61.470148109664464,0.275218316189815
0.9947017489350248,5,0.7581700273198637,2,51.83196673689211,0.49597009231524364
0.6745974769790241,7,0.7388944151944414,2,76.82355511448168,0.4434754595776071
0.8146384431178827,0,0.6037517961679152,4,28.27308839441856,0.49879981357624725
0.9025539692192319,9,0.5935388042624933,4,78.77646862541238,0.6672276656939566
0.7875898362293392,3,0.6547294660042844,7,5.2754994377683655,0.6216925379758083
0.18517934495356758,4,0.926488335882945,3,60.77096259221459,0.28468131902004995
0.5621707337375722,6,0.615624535331056,4,89.1281435941201,0.4177243748673697
0.10189415731454488,6,0.6520143933616198,5,75.9073956830483,0.39105734932167835
0.6529221265639984,0,0.7968763266949934,1,81.82707729326235,0.2742176194008001
0.955349428187811,8,0.6468090481352236,5,40.72592256543505,0.7098714731512483
0.5127320643001113,6,0.6234430081230042,6,79.18150514901136,0.4615745993073748
0.4329724928677672,9,0.8034923087640831,2,54.57484985272399,0.4420925217268574
0.03584275141816318,4,0.715641971948477,1,60.6686212852879,0.22701183427071223
0.9597745223292203,6,0.8317716786282111,2,10.302380540222316,0.6118595876264435
0.10300268413015878,4,0.9604924031839044,2,23.139652745695294,0.1875804130191433
0.041079093304846936,8,0.6179469091457804,4,54.58679739621973,0.38917277976483644
0.24606661150493847,8,0.9610451469158787,6,10.292095204114789,0.4132095427841328
0.06553043391838242,9,0.9561204853403134,4,71.73021259289419,0.32906367757379046
0.45511784241176234,5,0.9230894125011563,1,80.60513076697114,0.3172243649249523
0.5160878012571124,7,0.8340786627877383,2,87.83261251653244,0.42458916943890934
0.3125699490285839,3,0.8290659958594964,5,14.159161326182533,0.3600444407882673
0.05096048257488606,4,0.8376456969714258,2,89.574822322052,0.2116186927782211
0.1116003682492267,7,0.8607229980480159,4,11.08580068663655,0.4130406079004391
0.3845043779899281,0,0.5574169902682707,5,47.66505943350338,0.3227845973007434
0.06052845082653613,7,0.9811416606222924,2,80.62259185650306,0.23812087583883823
0.6981897256099134,0,0.8135216926595109,5,11.328002470800984,0.4672538296606985
0.20702054152481197,5,0.9016596277310898,3,6.640796569008527,0.3285386673640395
0.3020715687836385,4,0.7197768275776134,1,7.245294683598562,0.3158587617313364
0.3941257771780975,4,0.5555787462621082,2,51.01432154924302,0.424117397721949
0.4166096330691479,4,0.7793805969443998,3,78.04370701369967,0.3023587688442121
0.0016607076748005323,4,0.778235553692168,0,16.46840039653397,0.21412038044753715
0.11207037099869754,4,0.7466451797401533,7,16.214922867158656,0.3907911717633124
0.8627645637408781,4,0.7028726743729345,4,56.16921695448125,0.5534081251256686
0.001233062511908134,5,0.662421739514375,0,26.086604073073133,0.23987893301652957
0.5081673558128751,7,0.7873951935237323,6,70.71923616303864,0.4668446615350551
0.4895020065072081,5,0.7188751628620724,6,90.46718493590748,0.4421320906636302
0.3330941610106378,6,0.9864693473724139,0,73.94300659403717,0.27955961919464317
0.43132702014644964,8,0.6278172884951192,1,83.94578297410249,0.485871500965647
0.7805811375265843,9,0.6938495054321892,2,51.76274518145033,0.5312247837251145
0.8412037062149564,1,0.682282211916057,4,79.908737379578,0.456342082039492
0.26034854341525004,7,0.7944891293061807,5,21.46128655880141,0.4091749433521996
0.32249044096772983,2,0.7746761156383666,3,11.151310135606465,0.3687411305413231
0.24248285302833272,1,0.8396832094409229,4,64.03577991122174,0.21563193721777038
0.47986340055106513,7,0.9775007967583935,0,9.675725338225034,0.35966864909202634
0.6832583576588129,0,0.6783494884722403,5,85.32332772257125,0.3761386816850926
0.22825287546342055,8,0.8617472061647484,7,67.23987323966767,0.4247632196965774
0.33073574205486667,7,0.5612680913523327,4,90.69806528680208,0.44290156239733597
0.9303846175891505,9,0.668074812730131,3,33.24979906819121,0.6796079248342766
0.048569289846958075,6,0.7586738775984668,2,48.75424782814588,0.28347504334084134
0.4607696052395662,8,0.5639476548165105,7,71.7521328540607,0.5268451043404642
0.7115580415967778,1,0.8279512572491375,0,26.85010869147385,0.3714630739845808
0.15045401155747407,8,0.8552397737807687,2,53.76639381005002,0.32347110630210923
0.047374020005481854,1,0.886029271677121,1,64.35205475049302,0.15195487703231225
0.13820537163853075,3,0.7824585271793555,6,93.09277890023371,0.2540220374120885
0.9188231935306829,1,0.8217750992403821,3,72.02329648181463,0.37636164494676494
0.009259781821123414,4,0.7282293630753193,7,15.63177652511666,0.3653180371718983
0.18832197481135182,7,0.5685638646279532,5,47.780010624497926,0.48920419631044726
0.03128351290164455,2,0.5949783350985309,4,57.989370469061484,0.2724793637252807
0.11062946756220327,8,0.8447481658906588,4,18.196082857791748,0.3828156219630189
0.6201492866282963,6,0.9979998848135994,1,43.87694512829705,0.3553074591270689
0.24163890873908578,6,0.5571114576234834,4,30.56052347022407,0.5003862787460555
0.5692120504306768,9,0.8009125735718723,5,15.694478803582337,0.5477029150861094
0.5901953827661262,4,0.887953938797151,7,51.08377401171091,0.4434745283899919
0.849435333089779,3,0.9220486726062455,4,19.906977291111087,0.506512480366782
0.004741392911873921,9,0.7953422055501881,7,58.1483667727151,0.35000787901669644
0.8533694593423667,5,0.8289621910828473,7,20.27272390176789,0.6479852860916706
0.619119086426974,6,0.8635262253735491,4,70.1235431242539,0.46345641988697167
0.1627434861049576,2,0.9365348123620438,3,22.571746072670337,0.26534452882263926
0.772937388135284,2,0.6050302917412684,1,85.66565906985346,0.4204514947939042
0.8554915417905857,1,0.9667819883236886,2,7.358842089392796,0.41025941784316966
0.2542634837541573,2,0.5617078315982066,7,51.97976483411624,0.37322786108791667
0.9187936809026809,1,0.9262898879309989,1,33.80942892978922,0.3948039401215165
0.4544574302986578,7,0.5845331919518638,3,25.256887319713172,0.4819399544293392
0.6034244543333215,0,0.6375826952222151,5,47.44425012486332,0.43252207167187084
0.9846495336176436,6,0.5517523658715097,1,80.78175826918347,0.5896284052646753
0.36153607863919934,9,0.7503655174912184,7,87.37494849739838,0.5390487546575031
0.8131593458201128,7,0.7004616520228265,5,32.29237563330612,0.631443044323607
0.31839911782845964,4,0.6246968101691623,0,18.881925988556414,0.3782008675155465
0.799213522241491,0,0.7529905723617578,1,69.81264028096766,0.34153943118413593
0.6007339188626425,8,0.7310668974274828,5,57.379885291038946,0.5294752518706374
0.21635569522540143,0,0.8954474647144337,6,23.09145338098039,0.29466354573253567
0.4140260937892364,6,0.9519086377315146,7,73.4266209278693,0.40245986159451563
0.3176356343635617,6,0.8436552632951868,6,51.7037391717927,0.42324870897830885
0.07810839308036388,1,0.6059846749269358,0,63.80556795566668,0.14629501555664592
0.029834770099697483,7,0.6829258576194328,5,37.340513056704985,0.35817962309405704
0.3464786554071809,1,0.9609932335745259,0,44.51878051721384,0.20823878674185764
0.01903414781748658,2,0.5899305218535502,0,21.230788853744798,0.2535975272902965
0.16548775758177503,8,0.733085127725872,5,73.08642808808068,0.3674689321859835
0.7251833208508688,9,0.9741270786550665,3,19.13101917366127,0.5612606367330254
0.7080912356835879,2,0.9777991786612685,5,75.04723352759552,0.36069827232110546
0.7385803864573827,9,0.7350414296720016,6,76.82070693961275,0.6039882068656109
0.31715317112997876,9,0.8503285996444588,0,72.19408676496094,0.3828780471366374
0.8900194571176955,7,0.7555355192592995,4,6.7480509252866385,0.6605985234158854
0.5938305480284476,1,0.8890572427463538,6,29.58198913460062,0.432679024228011
0.12602634174662652,2,0.5642115988118493,3,47.15039685126324,0.35311831672347144
0.14371866145553414,6,0.6148707170146114,4,58.59899408451162,0.35468254486700185
0.6930954269297015,9,0.8263894615946197,3,87.72998894321452,0.4702750244872647
0.17294393644207806,8,0.6546485180993786,7,38.804537491583204,0.4690028458093378
0.5072927015820433,4,0.8497235346711168,0,83.75209868965587,0.2783697965149795
0.9917744759287107,2,0.7080503173575843,7,19.70863593231529,0.5514246090781451
0.004007604733339498,9,0.9489905011575196,6,38.415243875776426,0.3618165651539412
0.016579801897556923,2,0.918666723501994,6,9.70538097391907,0.2517647567630022
0.9930845819305065,3,0.771777010030952,3,71.824036195006,0.5229198788983419
0.5846388341341655,9,0.897802789192686,4,18.558748168962165,0.5479547861434172
0.12690997551851313,5,0.6720120488057907,2,28.1318014083612,0.31141728021266496
0.8973021997540936,2,0.7724168995653382,2,74.77099269738933,0.4465142676983913
0.8803803001276922,0,0.6388669233384752,7,53.124504568043896,0.554220746430358
0.5362004131113752,4,0.9373987758344472,4,6.257544747661631,0.40219651153339686
0.6217920298607565,9,0.9203804274557867,5,5.201168427265742,0.5602006060055419
0.27318719150087634,4,0.9559673507840506,0,50.959456856590734,0.15524396728472006
0.05051969637200515,6,0.9448646415509168,6,32.445996237427536,0.29627395305536625
0.5945676088908644,2,0.9818183179267727,5,21.22803013956594,0.3731635862332928
0.294755193202763,7,0.6527513042343667,7,60.22345439444998,0.4884902628059679
0.6636210466603519,7,0.969320930857892,1,25.55928245456844,0.4115853184482697
0.8362451768426012,6,0.8070459361083989,4,58.29864347164531,0.5204098659425621
0.018160543914364058,7,0.7401227877631685,4,39.13393555276456,0.30952361023327446
0.5957137746857274,5,0.8021682531855429,4,21.807159590281074,0.48649832647498953
0.23128053968685225,3,0.704171060492625,0,17.42942640818738,0.2986834082122593
0.8738884979038014,7,0.6798488531324285,3,26.317454281455927,0.624207842259172
0.2536645065618285,8,0.658591452089888,2,7.684889721168657,0.4516374331820656
0.6107701332354183,8,0.5870925952557071,4,32.73142658326416,0.5424942746783927
0.5535408400896115,2,0.7734542037162344,1,86.17592211636148,0.27667416906467784
0.3961665000592489,6,0.9494927540712493,3,79.82259132947254,0.3156849700009353
0.6776207635997941,0,0.8335683861734731,4,38.4803381047693,0.36931493504418195
0.7257696347154339,5,0.7844390347400981,0,56.825025672362344,0.41704554259693843
0.5669377953193868,5,0.7428668132129125,6,56.06245031126526,0.5335684261524533
0.7584222371847541,3,0.7589807318427364,5,79.5863785274341,0.4863079960478459
0.9834170759929376,9,0.644174806407378,0,26.266109136526904,0.608089778664049
0.4192723879008051,8,0.9203211447368937,0,31.67487399137111,0.394378642453546
0.5145830518855309,0,0.6392723334766877,6,32.16068903710504,0.4441052141893544
0.012469877941213237,2,0.8724802405272909,2,8.67829907945069,0.1802605799825436
0.7960285563103784,2,0.8919932551732687,6,33.321907696027296,0.5104543230828322
0.5202300670459938,8,0.8086910689124804,3,84.01223989292063,0.4313227139143995
0.4079614303605652,5,0.9383168687296728,2,87.0788882814333,0.24593171894388471
0.0940719630893958,7,0.6809726586027925,2,14.867181119169535,0.3842673248960653
0.8896564216753973,8,0.9467277495592885,5,46.22526874565882,0.594248575075574
0.39500724004055643,7,0.8782347068196869,0,39.321401142887524,0.3427917652887828
0.6825815982092204,0,0.9094374224927924,3,49.04232769610491,0.33349920359396407
0.14937415636815077,1,0.8490608692872914,2,54.924757165280944,0.1635497080566876
0.9615496295410325,3,0.9308543576454862,1,6.8232884015971464,0.4959819261632543
0.1784417618218309,3,0.9968944882229361,2,80.80180231290447,0.16970358514264297
0.19954199289949037,7,0.7390732845360874,4,92.62976658560046,0.3524579754686716
0.8589828605577138,1,0.9162620576693067,5,63.80643308032781,0.43928716840252585
0.9125827441419312,3,0.8850608917831151,0,64.44070146440323,0.36343133039960757
0.2121474075233014,2,0.7537915745704081,6,52.51818720476376,0.29834965075316305
0.4698008881748279,1,0.9671270498796304,7,35.08460705429436,0.29902556313976014
0.7334949045628298,1,0.7274916683076676,5,18.4080041761569,0.5004598178704873
0.8783657338108016,1,0.8044596623243069,7,57.56570084264456,0.46971280300711615
0.3790526950373052,5,0.5976740606459328,3,9.044726315828635,0.46547965833074934
0.5170194868494292,4,0.6515988373298198,6,79.20523109226865,0.46663055237829176
0.7417164105197349,4,0.9283132767401923,5,42.882052952355394,0.48937513618529266
0.7311359766527954,4,0.7284487252729813,4,42.327880174577736,0.46378022408793373
0.7829601300260849,7,0.7273378402368662,1,34.44537726283152,0.5254033531415566
0.5699338186415264,8,0.6606914581857791,4,92.24184998287278,0.5486738436867729
0.10461509680477521,5,0.7712246504338545,7,20.742525749364695,0.45051528108313377
0.90397329087804,6,0.9126176326077801,7,18.617703932769004,0.6552895679995066
0.8655725393210282,7,0.9528238529981828,3,19.897835139052713,0.5579427575722752
0.798097435818333,6,0.5815514944198827,1,64.26747345656877,0.4883706920185992
0.09986247716072949,1,0.808669329058052,5,94.27057868566385,0.2188294809597736
0.2043973670814292,9,0.7602730155515506,0,26.192765336157922,0.370317554037978
0.7436003651076519,1,0.8264268327122103,1,86.5055657360739,0.33553368387635446
0.023140094581946435,4,0.7512740591087211,4,30.075490328735516,0.2750627196231047
0.9792246337072796,6,0.7293901693840368,7,63.31099281127702,0.6441708615696998
0.3771446803556807,4,0.7623463205932702,2,8.644905674003095,0.38633633908667625
0.7193125336908236,2,0.8118996079403864,3,49.608857711857006,0.41684834315510927
0.8875710884880433,9,0.7754424449642996,2,63.91129696510836,0.5908110997740371
0.39462988815008226,0,0.7624650029592908,3,53.268779950036574,0.2633780862194184
0.31913248859966603,2,0.9180258894811364,0,26.405184639361202,0.18952955600694843
0.6087411288982467,9,0.885541596057036,4,79.5647253441124,0.5354157655080964
0.5809893737480507,7,0.7036203223815368,4,92.31228601144163,0.54575707058829
0.40913997762479715,0,0.9102597028818942,2,46.32764861228588,0.24977204029075106
0.6017747558677085,7,0.9341428010520251,2,62.232733867032834,0.3725442297883701
0.9353813695664948,9,0.6190714924183858,6,76.13719415110153,0.6690134901089643
0.4676402566265965,0,0.8122071077788414,1,26.73401545596146,0.2945298116588362
0.19674218075063132,4,0.6783903971196462,0,82.8005343735907,0.27685798892212576
0.3772059828830039,4,0.8826275448670252,0,30.218081477899776,0.25590010813398945
0.3941069825931186,1,0.6574533982114075,7,74.8247723163715,0.37656398828324517
0.13110869302621986,2,0.8521315858778643,2,15.088930918377985,0.24458874245334097
0.1628715005545549,1,0.6648060952259353,0,30.954803307275274,0.2476424765911836
0.6845620733936773,1,0.7800146935434744,7,53.0257940545881,0.4482811217456351
0.3394777542089027,4,0.9768909105622865,1,52.24298861338836,0.2072131692690531
0.9548983918558076,4,0.7215883923053955,2,81.53880660377295,0.5106695396602076
0.24359674535860742,2,0.9440823186834435,0,94.65145318747464,0.16615086970438386
0.09892450510482231,2,0.9941250615417526,5,14.648976127412656,0.24776936616624107
0.7535045630002579,1,0.9436828819623235,5,29.424931954253335,0.4366129191944361
0.88103605191787,7,0.6246397133755043,6,37.18383892007682,0.659232311428596
0.27811335687148786,2,0.9188461987908234,2,48.102656702900454,0.20774661681906323
0.20208810164547797,9,0.5644672277952526,2,49.45187688389591,0.46835051707735087
0.18576613487108717,5,0.7269858476646885,7,82.05755568335749,0.3848006982962303
0.5220123013665123,8,0.9418300179930388,6,74.35033725065898,0.4840069066430915
0.46841664124677096,6,0.8599384957419639,0,6.696642113415798,0.4339071807649629
0.2594398398545342,2,0.7897331923020452,5,45.951958452486906,0.28655142539880485
0.04517311698942639,6,0.7245388112871792,6,60.626645441967995,0.33772979878828246
0.4814913403262807,2,0.9155336259116287,4,46.435602838372105,0.3388663932466458
0.9593323476356084,1,0.8693012817766994,5,16.758073042313207,0.5005369136713572
0.6525192007526632,2,0.760782393827053,0,40.77266753215834,0.3782815902950509
0.4955065566286184,2,0.9516179517443469,0,42.04901256167625,0.253076489863703
0.11069207402961612,1,0.6534766080183846,0,21.89443302047829,0.18816805295889472
0.25243629054958727,0,0.6266761791213812,1,73.06764030238581,0.2167173523377749
0.2947739495745427,9,0.8392616939501117,7,33.926061212822916,0.5110508632962156
0.7648035526072343,5,0.9873974542157966,5,58.00885615117546,0.49637330796393553
0.8767107972646193,4,0.6612654579880467,6,51.41571628628908,0.6005753854905078
0.9016418535664384,9,0.6623516705202219,2,83.96843712947499,0.6022705930511961
0.9845686082507541,2,0.6127744815829855,7,15.981343867655436,0.6570543687320411
0.9823666831045325,4,0.9372535998731345,1,15.283670742811413,0.4882162585815068
0.9529991327679814,8,0.6518788931851004,7,32.02877022107142,0.7106646728597099
0.07182214050288438,6,0.7764303370261996,0,43.809347131325154,0.2622948613127716
0.1377935359278052,3,0.995892615100992,0,31.868802387692558,0.16050236163889178
0.3044665264760329,2,0.5554634054149197,0,73.68683741557194,0.3194819477867385
0.5528982540644615,0,0.8004187407298574,6,27.07392587983697,0.44145633400023365
0.0969778887054793,0,0.7805300692172257,2,12.629726849502026,0.22781629642838358
0.8457969578021425,1,0.9133513193845696,3,42.24198288957328,0.4207632827837166
0.6167561790773091,7,0.7098766927987497,3,74.60413593246356,0.4765647730616064
0.542364402302205,6,0.7346536115045688,6,81.55057492280672,0.44216163095129846
0.16531132336729115,4,0.6255720912694887,2,71.00103635270158,0.2832141711404546
0.25325547440019736,7,0.8833668542361041,0,55.209801064976965,0.2929671286982139
0.16031202498225805,1,0.9031190091346667,3,70.1772531574259,0.1852702962869247
0.8519331577947986,2,0.6114984943504737,2,66.32505817734753,0.4779663565839484
0.5842278600612182,3,0.7270556832947448,5,26.092996924555475,0.4988013462064543
0.7351294275196334,9,0.9518072479132074,6,54.56830029828744,0.5497540938285148
0.29603286291002573,6,0.5512182731541042,0,74.35483993745888,0.3261581824307525
0.37125263708827716,8,0.6844415817801845,6,33.540859568762436,0.5727502365049694
0.4048549644265338,2,0.7997690282736465,0,63.85758320452383,0.27078609673081916
0.7600149717440349,8,0.700342236846979,4,48.33323847669186,0.5778625655707742
0.7723529876745681,0,0.6724203351299513,3,50.2842965850518,0.4163501808662637
0.2068135275140317,2,0.7570168682064456,2,13.104953400394376,0.2841034694019568
0.941538856738099,5,0.6316853986493622,3,64.95954487748418,0.5667779861500464
0.1206553374436864,0,0.7883313584317677,2,82.9118331819068,0.15788242121041557
0.8961220824236303,8,0.8680131645909517,6,17.72881592232765,0.7326543000400186
0.1003956456498093,8,0.808882728682826,7,37.94950959948044,0.4368911987596355
0.2645398111513111,5,0.5918991988863389,6,9.380070935675151,0.504385017200891
0.846478536067957,3,0.929983876374508,3,7.666869737875199,0.4294364208031806
0.17949207234608744,0,0.6287400268693697,4,94.06926470045694,0.21304635050266182
0.4135679313099698,6,0.8941654002750079,3,49.41243574757462,0.4142310436581625
0.4498592999441262,5,0.7122542998491327,6,36.99671167717217,0.49446696508448096
0.24525897302320965,7,0.902242606625246,4,29.738936896251705,0.25160466580845453
0.7102452013359866,6,0.6428228065324056,3,93.20113804504632,0.5056374167921341
0.8513346494022038,1,0.6339979466629434,3,27.70257069695153,0.5529932692968369
0.8745751398555718,1,0.773661630797867,3,70.31375561639689,0.3650161510572141
0.33932214573656094,7,0.5648212066142623,4,30.538228622534042,0.540634743714234
0.5308503942878144,1,0.6513838024520501,5,11.34405548212272,0.36565644327243124
0.2484064038656515,9,0.8758055134829568,3,66.49489530661472,0.4034656158339439
0.24479650155014543,1,0.9268225652374414,6,5.146776286687839,0.31882707408862826
0.16125406285192412,7,0.5863534137720148,6,65.81736604045125,0.3679713629147837
0.9400190108075147,9,0.9469349692471469,3,27.53389390908408,0.6173722018385771
0.8879888286055799,4,0.9088827418239306,7,72.14938088643511,0.562801774713818
0.7773587133276922,0,0.9413579330681344,1,74.27751506155845,0.30325722578436276
0.517661521287729,8,0.8642928495604779,7,70.16965149357841,0.5278504216144092
0.4906079155118719,1,0.8533688802822842,2,7.203509732084935,0.32178636148073375
0.529745666182498,5,0.7862919550051888,4,68.33629576793916,0.3631727226788824
0.5365680135770893,9,0.8437542510210918,2,94.11310526501869,0.4441746567229471
0.43456308469769034,7,0.9635993490549724,3,26.83628316730606,0.46137542256164676
0.13175483289206746,0,0.5952349006375188,2,29.68147150028047,0.28242367883478386
0.12566385286853599,8,0.6920940150307411,5,78.21738946224855,0.33057198775258667
0.9522497158456833,1,0.5826047381181424,0,19.435712455047252,0.44514118555279414
0.48203075958635055,7,0.9751623273748173,6,64.45253079540964,0.41348708298287096
0.953205524905189,6,0.7503694596997246,7,72.95237397505205,0.5788776550331691
0.16357687771010998,2,0.8539050118042848,4,8.344459563742145,0.2935780483849008
0.5544165520399336,4,0.9285040290269446,4,54.83858848387035,0.39616284402678925
0.20771725335153923,1,0.9959501116344198,5,56.82895326822946,0.17734109633135633
0.25318460612660154,9,0.6228021060065196,1,32.309860765261476,0.46000884834935496
0.030054578761178785,2,0.9097806725732029,5,83.87102024577655,0.19948330355987678
0.11895331074021132,3,0.9493403041615314,1,19.647474736987075,0.1910086686993824
0.9168484076291957,5,0.571993919582894,5,37.77752385552745,0.6328528589579882
0.3215329914823317,6,0.889340752083508,2,81.38018184325963,0.2417504923109719
0.6081292119145916,5,0.7096263945384477,5,22.157848094539325,0.516656452156614
0.465014131989273,5,0.8418685561616944,6,78.92367226949075,0.41283497751077736
0.4004512452452783,5,0.7813216882174892,1,12.116225963116014,0.38650115341294083
0.5318860913460681,8,0.6668840134389866,4,49.0306160470991,0.5401805153575798
0.18723894461534152,3,0.6108496129017937,3,11.779759620113307,0.36525677283595787
0.9886038985195765,8,0.6026262548901438,2,66.01132265553629,0.6194829722598306
0.818307868703863,7,0.5964952859688213,4,76.15413401500402,0.593800253380579
0.7416146327315153,9,0.83700551806056,7,81.48726934221226,0.6230567007614097
0.46875929701395247,9,0.7081348831297922,0,93.31360256695899,0.39741552355548937
0.15287712212633597,7,0.6474850471926427,7,65.48141500696282,0.44928830655772756
0.9206658582735678,2,0.8613482917176564,6,74.21557224560183,0.48356198042713083
0.34138706738172764,7,0.8590823045949101,4,50.518245048919646,0.38272453152248403
0.05010668969693377,7,0.792625731560649,4,87.14632110630136,0.3104156429201447
0.34240367681062867,2,0.9707310175896329,2,62.93825439795163,0.2079433159227226
0.7944570304958843,6,0.7234364041486396,1,84.51962656262091,0.4732927885787501
0.6227087449882082,2,0.9261383370711819,4,26.190681531249275,0.3949350188427191
0.7508385847448596,5,0.5838127335694884,6,49.706400264625785,0.5829739514708557
0.7936353838623774,7,0.882923992317327,1,70.68370289574236,0.44558162921923933
0.2119546110805426,1,0.9948013362243685,5,23.244957910641492,0.24014746158495856
0.9237833160931802,3,0.9309691973295176,5,24.020581393578045,0.4747480789393262
0.4379896029203726,7,0.8108491236895268,6,93.02384663650737,0.4496476061720734
0.6390136492641646,4,0.8320447289472223,2,44.11493246634854,0.41402438483444487
0.002308772586742003,9,0.708980297246626,3,21.36339076313945,0.4138242742746815
0.993368498411178,0,0.8557683482161468,3,34.83174937833554,0.4395430060217773
0.2808963859641551,7,0.8966779224315972,6,40.763853343933306,0.47869709060171395
0.06206310654015523,8,0.9992028165030342,7,61.077673172319905,0.33759847622847916
0.45826204153651395,9,0.7716083126501949,3,88.07131931429772,0.4165019257182669
0.12903005718204175,1,0.5775868295980491,7,93.79310683298819,0.2719586553268321
0.1523267101575757,9,0.8181360778289434,4,63.65288830200013,0.3304934331911469
0.6322828130302102,3,0.6035608674919759,3,67.99301247179523,0.48303045133606765
0.39292739157023326,3,0.6601442696002495,0,33.96462527269301,0.3700095465213744
0.9218524501549951,3,0.6979509600875818,4,82.14427359038741,0.5229460763207583
0.31915649460807005,6,0.8789634429167847,5,24.60185016982834,0.3882715732501231
0.7261801283839011,6,0.6327136557453252,7,14.574258437987082,0.7006893965876255
0.4610994301549076,4,0.6245888260790586,5,92.59303910878857,0.4027880085722694
0.6599513011292788,0,0.5702339091244724,0,82.7724809138479,0.3145836572070181
0.5996953567159904,9,0.9429579713592464,4,32.328062108432,0.5599588244796357
0.4727839727589982,2,0.8620774409602273,5,65.76536447429443,0.3640677846477744
0.9500610946244371,0,0.567975909527932,3,47.03165216718796,0.5682757930007979
0.34271364275495586,5,0.5627315375371515,3,34.08153855309238,0.4417613376986771
0.17723550124927256,4,0.8014034334137753,6,30.80967896842654,0.35259918906554966
0.6780940608798283,6,0.67714048057902,4,17.242470069881584,0.5435464815455181
0.8460075613079088,8,0.818526857694368,5,54.43862740482553,0.5430720412482364
0.04025373993992376,0,0.7455718790564344,3,45.1937021105757,0.17838157692310672
0.44963268842268056,2,0.9654906530396146,2,51.09677782699499,0.30425816560472696
0.8924876896873263,5,0.6795140567326156,4,24.382145073146404,0.6164506728295797
0.7496186189228675,7,0.8556154157975021,7,89.4749603695923,0.5433660115547047
0.9918077164976282,6,0.5743244402283697,4,62.47320766974874,0.6066399639079574
0.5314138115972438,3,0.9801372403850164,5,85.96405916450031,0.3389819647588009
0.6599957188011513,6,0.9913408605587585,0,14.83440494294799,0.435713506713569
0.30248028113792813,9,0.8825835830573856,7,61.05658692705573,0.4832131793440758
0.9475355996659923,4,0.759345612203608,1,81.4515636779745,0.466724768259922
0.3663354885565363,8,0.6489970476972676,7,34.782870183302,0.5302097848609059
0.7385107126866286,7,0.9156323531115841,3,22.562885222238776,0.5423476947292143
0.4031402041190819,3,0.88135934371616,7,28.85191752250577,0.31904316322185333
0.5618189300629993,2,0.6498793178024271,7,29.56403540748191,0.5092471854267655
0.7197825350215462,7,0.7530468823707696,6,45.247906843118166,0.6620347924989911
0.5089341517513543,2,0.7582595220175533,7,34.33672425013984,0.4047774391509227
0.9070863269095085,3,0.9218847474877191,4,29.414666543719218,0.4899989610161625
0.41930098792781023,2,0.8577301079503344,6,63.36610685646241,0.3502543328305553
0.6470717981433252,6,0.8394253945930248,1,9.772913450469602,0.44936479292257436
0.3423624333000541,2,0.8424223401534753,0,35.6327400325757,0.2775616321958411
0.40815666823101304,6,0.6717115357221155,4,67.07767693464274,0.44661497003479134
0.4400501082335524,9,0.7172700669232903,6,20.826477435290535,0.5789400494803723
0.12580701831228525,8,0.5705480284465178,6,24.883507599162115,0.5166397676179724
0.09172367905900669,9,0.9041235111154557,4,23.059996287162573,0.3839287509238278
0.6674899231467579,0,0.7448491968264163,4,5.0833496058264425,0.5293472627963023
0.6555177383430523,4,0.7472072606894081,4,47.63909766484154,0.47175481667542435
0.6629097142100953,2,0.660410319220132,6,8.506291047451086,0.5336225063652357
0.019766445342691674,9,0.644242276656743,6,29.56458305974101,0.4064907398916825
0.3265468426717799,7,0.8145198683060632,0,94.53230821327745,0.273498267692638
0.19780984725919692,3,0.6546488568416541,4,87.65565902512698,0.3274464113962129
0.7781514225440124,5,0.5788939832044591,3,24.35682273407008,0.5305514027172227
0.8606304013961301,6,0.8953783371914042,6,32.900218872253944,0.5192176020196754
0.24668037722614733,4,0.7194112454828647,4,46.733412404169634,0.35338735352858563
0.6678491588479863,4,0.721106012754687,7,80.99721919933191,0.5414533604906416
0.12936280345827444,0,0.7440932266821061,3,77.2381347253782,0.18306883650246136
0.2751525256017133,4,0.9167701705336422,5,16.361729290965396,0.35065774767734775
0.13865449623341952,3,0.6943766031729177,0,16.200396351351692,0.20604716359321537
0.2835207665992292,8,0.8911162950660262,7,42.50590285046402,0.474588877043864
0.6747365473492779,8,0.9727951783507944,1,83.30858506523948,0.42450183781833667
0.9103269101852525,7,0.8473906881661597,3,84.3876499185952,0.46966077612240753
0.20252240792418597,0,0.7442564865296611,6,14.662926471787717,0.35656564773396937
0.5420790349507192,8,0.8865053754159992,7,56.68675591689964,0.5485314764910796
0.7013911012434323,3,0.7560538163881235,3,19.01076774126016,0.502612586811159
0.9529224684855657,4,0.7364922719986634,3,66.75163790025044,0.5387577874007536
0.6100604828871738,9,0.7863774236077075,0,87.47899231360158,0.44855527791496325
0.2551069310273807,8,0.6929750506641822,7,45.929236322803426,0.5142307072804174
0.6254781569139363,0,0.5969125973260005,0,12.477449722284636,0.40199201766543197
0.32049116167801617,3,0.7366834024867743,0,57.1328776305091,0.2102808871774846
0.9761283906917078,7,0.6057355965081859,3,41.766500312226924,0.6008563347595935
0.39967613516363687,5,0.734698663099951,0,77.98088771005642,0.28616705005835374
0.6854277207610142,2,0.8006201745460526,1,35.631001753374896,0.37469766568823965
0.02322758234675848,5,0.968820031542541,5,83.74074804253303,0.2364166264751046
0.40006144613475536,8,0.5663000489703867,5,29.633036687130637,0.5623008345075649
0.8751076133225116,2,0.8296562829258749,2,19.176587229981735,0.49695480037898393
0.6102274444332458,7,0.7559808339925348,6,32.58323395867219,0.5984446498305783
0.44394288639597634,7,0.5591175076918626,4,8.142421264047186,0.5240895144829663
0.9359374994357259,8,0.6622966791724242,1,30.312137018681717,0.6208022263204441
0.8539843761472291,2,0.6033183635596607,5,64.41058704938277,0.49927018847321564
0.32221567382293825,2,0.6475573655791501,4,17.80546807009331,0.37632248153139364
0.5445484020413396,5,0.6735566095574133,6,15.022847550792918,0.5521062617437106
0.4898242560924627,5,0.7305878509219883,1,16.914676212891536,0.3138742755901995
0.6322025001148623,4,0.7880677270700006,1,11.979650683531972,0.5017514887726171
0.3341112669587556,7,0.5504454972668738,2,83.71718706586456,0.4233970790269679
0.24420500076588825,7,0.6228412122829334,2,89.97036039468753,0.33720973850194336
0.9126718352555361,2,0.5921048735239604,7,9.190503655590765,0.6956559211969868
0.9238744994985063,7,0.7973530296682347,5,73.40646033891862,0.5777446969789888
0.843322885761979,2,0.6980836916805715,4,71.3436572045478,0.4761078671787448
0.9782044307645613,4,0.7967789812156232,4,94.72184821490363,0.4899312613986302
0.7449915257796885,0,0.6498204859786051,7,36.308359554896136,0.5555437318076593
0.7646672285619996,3,0.5609032093394132,3,30.695809252137458,0.5215790157924327
0.7625900919626407,9,0.973615105571611,1,45.77739087288445,0.49283038334519025
0.4806076309423065,4,0.5987386545350474,1,82.09176594342715,0.3972693242962663
0.45645219451427166,7,0.6070864365827726,2,70.5734278284109,0.4596448051040097
0.24022627614900316,1,0.6159460719295633,5,47.44614325707525,0.3327547796512127
0.6448191943592905,6,0.9915744357969727,3,27.010655895728586,0.47810322263353927
0.28932013610233454,3,0.8279471080764983,3,70.4314167141534,0.3517823439802609
0.2578084097023544,7,0.8246304782667327,3,81.90741812379765,0.3450497986842081
0.5859613740960548,9,0.9940141906833383,7,40.995610796074175,0.5510420563980846
0.4099823882250432,5,0.5897974461735946,7,65.17269012388859,0.49674147730879814
0.2188566087946322,1,0.9885254016440301,1,41.019081905893835,0.20556943534643385
0.8160560167528311,4,0.6418059159493185,0,48.06440943273363,0.4483249845547984
0.860569919294376,1,0.830382176602916,1,52.24193419594223,0.37873397065029174
0.16769951967778096,4,0.7390376043862563,6,74.81532326200501,0.28711184307096593
0.007507032799999869,0,0.7227783160647302,3,92.97553857160379,0.09931595637301441
0.3361299685293737,6,0.9690594978157582,6,44.99295463744091,0.3805471613864925
0.7975108356807525,3,0.6171524777981154,5,35.80835056228453,0.5512286708705997
0.8391738662343244,2,0.9986810549843096,4,38.623190582515214,0.48153120531480836
0.13832907011604922,0,0.7206062774911969,2,17.050016243766347,0.24787691956600594
0.7743359011830512,8,0.8419487067498495,2,31.724486403595044,0.5102267519581641
0.11570416730942945,8,0.9855580291675121,1,12.780267194192561,0.2824520611458348
0.3900625901565292,8,0.5759204726705387,4,43.51048368613225,0.5557706356901114
0.9986095150119159,0,0.9652889633163357,2,20.0621542379944,0.4594967698953722
0.1925908232309098,3,0.8055151234094545,2,36.176607137696784,0.2685663562859386
0.15396358257762643,9,0.8669785955398536,0,76.42199744524457,0.26974663447691505
0.4228003325467935,5,0.6171328827488568,6,27.133488553022243,0.5416713755949409
0.6196685259698614,1,0.7900243438739645,7,60.07051592078621,0.39977414209994055
0.9329007824132532,1,0.8530811716263597,3,86.10632773237515,0.4185045260267366
0.9808211455330342,2,0.7553112883244568,4,56.02362683265922,0.5825746644729368
0.06964063659139463,9,0.6197433301477255,7,22.44133514951714,0.5109256937585137
0.13799751734790533,1,0.6598535837885096,4,36.028957456935885,0.26213861742246025
0.7907379738959939,9,0.9344767559470744,4,58.13322864656595,0.5627800356156097
0.27063215227086046,6,0.5655119467747433,3,50.59500257838682,0.40136639483872516
0.8848490595063606,9,0.8689879352983656,4,18.37578526492134,0.5930084734497929
0.6634532572290868,8,0.9997255164315371,4,45.21167102215121,0.5099240078448538
0.11184480238067718,3,0.553367348248045,5,53.876002541922354,0.37862063312676125
0.8325292849240071,8,0.622470557268973,4,29.05994430118152,0.6407540016966001
0.17635638000807585,1,0.8533649354019105,4,60.12009638058667,0.21312851354847026
0.4234953946796538,2,0.5769958755634068,0,11.314408953668886,0.3326382788257207
0.55218492855933,2,0.8154054927351365,7,35.29463302089651,0.44326140434909134
0.5007661490802783,1,0.8578000466024752,7,77.3849149499817,0.34277386663578724
0.6861629156151504,0,0.8146658566513316,1,28.335632081733987,0.31226579783888053
0.6526867348692552,1,0.7143331163594803,2,59.46591650027704,0.4220218897826177
0.9920420055280549,1,0.8637770331939876,7,41.902674233928074,0.5550104536284768
0.9994219092241878,3,0.8174324926062192,2,33.48141281737221,0.5266588900392098
0.5164594026356409,0,0.6434367274422639,6,87.45185191190242,0.3956287740861967
0.09519908696086399,0,0.8034109946132995,6,35.893554627234515,0.27744450931049397
0.7278432989687184,9,0.9468582477125174,6,26.30083113383165,0.585444298044753
0.9766640782165892,0,0.8500749785607025,0,86.83711840762435,0.3518199391063208
0.3183263876290203,0,0.7623061783272312,3,72.13499203422334,0.23096546514485514
0.4612088858375738,0,0.6947128462912531,4,66.36197423283777,0.3364763886889209
0.4247769248154559,1,0.5886487942469079,6,9.458144786018822,0.4635634606756359
0.05141915455692936,5,0.660082209741563,1,16.808446464419823,0.2908669396413422
0.6722644312234448,8,0.5550340388890946,2,62.45059674286966,0.5080912612142362
0.3533376950684678,7,0.993981662886234,1,23.84895528736342,0.34679404922058366
0.7874638746315022,5,0.650117013457933,6,25.307418706732317,0.6047744056840162
0.8321200752819861,0,0.9166941742084177,7,75.12246638092496,0.3698788452203037
0.8212307865978454,7,0.6258901968122405,1,30.733245395324836,0.5831432944476302
0.41666599803988014,0,0.6776205173225083,1,11.44285719367244,0.34186207625494774
0.3215456822408995,6,0.738224793652765,2,8.2788752578875,0.48697932525745957
0.7488207796670548,4,0.6959825488637224,7,44.8860188520759,0.5552786527324901
0.801389433842723,8,0.9092578657419375,3,60.54157199161814,0.5026494348292424
0.49125744639136615,3,0.9809620336069405,2,83.19967100526226,0.2331544235972352
0.893031019536303,6,0.9438825176428818,2,14.972395552937535,0.5307255380918431
0.14390869607855827,4,0.6191100401264905,4,22.700554365946665,0.37676408984274884
0.8790687796589601,5,0.8995099043571806,3,52.6820549816724,0.468072212783118
0.09609523297188127,9,0.6165761109871202,1,37.76975260177775,0.3804168930828914
0.1535255220546139,7,0.9610214979529457,6,48.42837061209452,0.3005139415093725
0.5338400132739604,4,0.7830453590508603,3,88.17121840857939,0.390260748245891
0.06751848018741502,4,0.7013714896255181,2,54.04024884782185,0.23525204501185815
0.05280710140011036,7,0.6206614738003868,5,42.360854955086836,0.4010262164724602
0.0005187441657055203,3,0.5553140896805521,5,94.04959160297703,0.22822670658766325
0.43631665969426314,1,0.6615761462473981,1,10.869410290958267,0.32591094307162394
0.7746238812922298,4,0.9613090284765904,0,88.89021035340548,0.32478196230959006
0.034838350279915664,0,0.9087679865225023,0,50.14956578589347,0.08277121725863075
0.6522576064658554,1,0.9864071684878237,6,50.33807039904243,0.39562939488443355
0.8231273174161865,4,0.5953426845046179,5,87.97679007828883,0.5770479865249992
0.16800084857787112,7,0.8164804345775513,6,50.659158163376254,0.4201023160486779
0.14686373482140425,7,0.6657177133138495,5,44.45663814771339,0.4457879902646328
0.8608009736205361,2,0.7943237675975834,3,29.52397329054791,0.5197685001945113
0.8231246099500947,4,0.6942046985035548,4,64.29350901356787,0.5311839357912527
0.5389417662641869,1,0.677559497609511,5,56.26805818817854,0.3986733814201299
0.8191998792939803,7,0.8082303859110689,3,24.291089325300476,0.5959346351727781
0.09275607742449477,2,0.6324931728412931,7,68.84716235551923,0.3542966462403557
0.3944815179387544,7,0.7611100466374526,7,62.96781716029764,0.5058061017009465
0.7377975561063729,8,0.8428655192698157,6,40.76004957858867,0.5487240095247862
0.25745195932396336,6,0.6076819329322619,7,5.396082971319551,0.49592521699996456
0.7523289144335528,3,0.9687674218946069,3,45.19230351585689,0.39631889221964267
0.5041786043908139,9,0.7775761147543562,0,5.545230541722655,0.5047029527090094
0.7502659879482331,6,0.918787587347954,3,11.749864036913586,0.509242642938451
0.4646796378573296,6,0.8442574437794785,5,43.75489122327507,0.48244069819257107
0.3679043402218176,8,0.8695004235501455,6,12.372789576679493,0.5425805054646579
0.21918921647863232,8,0.8722589234467771,3,29.80988904084496,0.4201072591013667
0.20837934143501502,0,0.9437949536776626,2,63.99422317030716,0.18623705777519028
0.751490810571396,8,0.8261224457711158,3,32.77538083484771,0.5212814337540306
0.1189103480339605,7,0.6751977182746254,6,94.78837347093594,0.3890643663542691
0.08598235011094513,2,0.5947793392894558,0,87.4671830523483,0.1614068159299088
0.17629136502213016,3,0.8228127787525636,2,57.67789141269713,0.18753433346502507
0.17534651145392188,7,0.5798587616967615,1,92.02524247714373,0.3157398865731673
0.8231076228068998,2,0.6585820532602886,6,83.12155649892699,0.5414073259968883
0.3985066234742124,4,0.5773182330708603,3,33.70086669564383,0.4415938223824587
0.9903884573604824,6,0.7969994150529552,0,72.46366213867785,0.5559373024544048
0.13721125779061238,6,0.6221521562242907,2,17.31486056035526,0.3811273820787991
0.6535398256936433,9,0.824683293745063,0,66.6096281940867,0.5267155786855278
0.4487295072012506,1,0.9058893088884704,3,49.19736438451224,0.29052479731925684
0.39291817669707396,2,0.919846324347338,7,6.514334532754225,0.40332394627414553
0.8750841990540823,9,0.6892945786619323,4,29.680684015133366,0.6271392283979633
0.9755956458283996,5,0.7970295397125232,6,90.98439956638236,0.5982537914627898
0.8728589587741787,2,0.8033548420388615,5,33.42483365796326,0.49628038959636067
0.19230067903513304,2,0.7627992319693749,7,21.33090097712966,0.3474980655588047
0.22079792120893404,3,0.8448012511411442,2,21.87783019149875,0.3190981502987726
0.6560738790950633,5,0.6445392057205901,7,48.12919381777541,0.6035548485444748
0.2890835816381917,2,0.9906594578140574,1,80.83843166034815,0.2009333193939154
0.7347251307805799,6,0.5941359221909196,3,73.22015886200118,0.5140476658027934
