operatingHours,vibrationLevel,oilQuality,engineTemperature,equipmentAge,daysSinceLastMaintenance,overloadEvents,failure
4486,9.310808175524278,0.23392253835993915,60.25631927613777,9,50,7,0
7188,1.1628958126835796,0.03372376063859728,77.99722518084528,3,62,3,0
6789,2.009620847826134,0.8557660349457463,91.3680376065115,7,103,4,1
9893,6.684600661100246,0.016366580328886937,94.49191891917684,2,144,14,1
1395,4.0087699238508305,0.8521040796665471,55.22346004237765,6,31,3,0
9947,6.6223419536477826,0.29157915324373407,68.79552076371593,11,36,0,0
877,5.163219429100833,0.6489203525706096,77.0578040186567,6,25,14,0
4711,9.050062442299003,0.9352733695759275,105.88640233189365,2,108,12,1
301,9.140812277328862,0.13467530908784564,60.99034837714183,0,126,1,0
1569,2.5255974868506583,0.21512891753824526,100.40022684749071,0,17,5,0
2323,9.945537819305075,0.28109778635482685,102.5629309706425,5,17,12,0
3543,11.311412490773046,0.9905228233964213,74.51490030459682,8,149,13,1
7385,2.3202439956018988,0.9578567626228874,108.80933376980185,2,11,9,1
2297,4.99292028715511,0.7282183680419624,77.49652873567248,11,73,8,0
6448,5.156801001073143,0.9008392598159849,94.9487765939909,1,112,8,1
9583,10.074859205210023,0.13744962053613163,83.06700575495954,10,102,11,1
5818,5.414522391927154,0.47638970506406375,84.34307257462129,9,117,13,1
5795,4.6520142648478195,0.2218046439564615,107.56616438375654,0,13,10,0
5182,3.091299367909834,0.9452544011941264,92.90262252944073,6,0,6,0
8978,11.96987212260068,0.7796355962284726,96.24514851852713,11,17,10,1
9555,7.21229288548593,0.4102526088987378,90.39209289629721,6,127,3,1
5752,7.6945289162538515,0.07391562720896394,100.04758986101031,1,53,2,0
1350,6.508598523328013,0.5417386694308219,100.95180643173599,9,43,4,0
7600,8.15800953834225,0.4814565685264597,85.39110659751783,0,55,13,0
3308,9.315920348336276,0.15147803368093837,93.5870266772004,2,105,13,0
4682,8.604866065116234,0.31286818172823505,94.55183873881107,10,16,11,1
8787,0.9111847820219421,0.6638962800586365,110.8111438034835,7,38,10,1
9329,10.016446287375135,0.13566725483682485,63.95697340183313,9,22,5,0
4320,4.491711178460695,0.627856367841381,64.09346913569703,0,115,4,0
7000,11.133143714708533,0.5505177224822512,110.49812676862524,9,111,6,1
6247,6.848798223267224,0.6980667076856811,85.35701359127151,0,98,9,0
387,9.878069685920568,0.7862054539877862,73.1718682505396,2,57,6,0
3100,2.1323974527710208,0.4210894387511285,114.01941639491618,0,7,8,0
2524,1.3796857654191186,0.645866196030831,95.4446489052916,9,91,2,0
4063,2.6291133206563764,0.3134878906953871,99.54903378554572,2,131,11,0
6354,11.243865769651471,0.01132221997065519,77.15680783859462,5,46,7,0
9949,10.946352177669759,0.4799760247962691,83.36991707679095,10,103,6,1
2450,5.706322739653255,0.44611648660645375,92.3292519188346,0,65,5,0
5779,1.0371313637076793,0.1134887987641986,95.68908334522968,2,21,2,0
7949,0.7406548376985418,0.7204269000810296,58.59105756575218,11,66,12,0
8761,6.959057658730799,0.30689888238291196,85.90914657803404,6,92,10,1
2161,2.7172583669264636,0.31838991622399404,76.61936124739702,9,29,13,0
4689,8.235419045010449,0.8574098356195712,89.201738323376,8,65,9,1
1199,11.35038611899715,0.5079361245147292,71.58432943398071,5,17,11,0
9486,7.559058095253236,0.9647289830699614,82.99776248851887,7,96,1,1
6210,6.901115213439087,0.6235105290888979,100.97862958781214,1,42,12,1
1118,7.415656846764555,0.15004373074014388,108.49468852733536,11,15,2,0
2582,9.544140043567879,0.5444116770789672,74.03890925158812,6,135,7,0
2794,1.466574238209579,0.4996576463854233,68.46000081888647,5,11,6,0
1435,3.553299521295392,0.8962564307990003,72.33291178026448,0,42,0,0
687,10.529439007692979,0.27027311885147454,63.1704551130458,6,104,8,0
564,11.709030343496206,0.3490692721944749,72.90378751798735,8,33,0,0
6274,10.377520494649042,0.5643341575689462,62.710462826817185,11,91,5,1
218,6.518415002230127,0.9283536778699466,60.52842544475553,5,55,12,0
4518,1.2685958453925985,0.02448118460301618,105.39466952244065,8,139,10,0
5928,4.791948703039817,0.22061268723542704,105.55113387966894,2,33,1,0
3576,5.703161896711507,0.4186220052049795,92.40381063470082,4,121,2,0
5212,2.0107374723534823,0.04725313014813459,61.02873663542033,5,96,0,0
2325,11.973411767478625,0.3592680598220501,64.28909252171952,4,94,0,0
5916,2.033413641834564,0.5272853646191206,75.62361502890684,9,93,13,0
5830,1.3083429278897225,0.22976187846597174,84.01261206057305,3,26,1,0
5683,10.45159876804313,0.47048196106091567,105.17895050501181,8,41,2,1
4482,1.1169858816368414,0.6929592096075279,79.25123805232113,3,111,11,0
517,8.650538916302146,0.005009888639203819,61.93856039973497,5,130,0,0
6632,1.063689845832352,0.36787839013677226,73.1367821592097,4,139,4,0
2220,5.692599143877468,0.10170390369691429,101.21182871092425,7,2,2,0
110,11.178354096200561,0.0840288864605262,60.156057662305436,7,148,4,0
5190,11.814021785305124,0.33069104830866636,100.1431693013938,0,21,10,1
3015,1.8954647871574632,0.7812571530594011,58.912334003659666,3,134,8,0
6508,8.52055201450098,0.07137743840752941,61.56643531198342,7,107,13,0
8411,7.048414559893581,0.7652065716951771,55.210291001282364,9,39,10,1
3926,8.530437799908505,0.6050081185700716,92.57530337255577,11,10,2,0
6555,8.984486442067343,0.24990453552807868,83.94624297603734,5,131,3,1
9567,2.750728100032381,0.05707596530803993,55.376323555281516,9,124,7,0
5625,3.3253570874756773,0.6207774459056292,101.62032247574867,0,12,9,0
9929,1.1063143189064004,0.8813796614352797,64.10337323976529,11,52,3,0
8033,1.9387571787088043,0.06046991487620823,87.58208776692851,4,100,0,0
377,7.6353103905132444,0.8246760266843656,79.36572415091842,10,143,12,1
1812,10.66725314378393,0.7138226031588036,87.15481646694506,3,92,10,1
8424,6.700127054613669,0.4546235460859992,89.41805706320446,6,84,2,0
1980,4.336716069020428,0.49149790762934087,74.4094363100406,9,20,5,0
8027,8.474140150524793,0.22955899328811102,60.93741644324465,8,9,7,0
362,5.375484005319752,0.5726505243801926,86.24295303713279,4,18,10,0
4149,3.1817215529650476,0.3690936981448455,81.17461581030625,2,107,7,0
4868,8.722526969397508,0.692943227726798,70.91939754208619,0,140,12,1
3039,6.027321560480711,0.3001811640066251,59.198480143235045,1,44,13,0
8910,10.498649623630014,0.9101719560409207,111.28096007581432,4,40,8,1
8381,2.6531769216536776,0.3770766701298641,63.21963265898783,10,119,14,0
8502,1.112348076765707,0.7819989841452342,96.00670118839881,11,98,12,1
1347,8.532715221320526,0.6193315255398901,84.71248200332931,7,52,7,0
1044,6.512259886071206,0.7950213642659164,107.1243109537845,6,77,0,0
6232,3.317739648519157,0.5480044390442557,80.65825887134012,11,72,0,0
4465,3.704988132942542,0.48023472075783735,72.02384144644203,11,66,1,0
2454,11.857235845577167,0.43580591148012426,96.01055416442826,1,21,12,0
3270,2.7492997144296587,0.5928617530821537,108.75602948583114,0,92,12,0
7942,8.934819587931898,0.9801543308913118,86.40703341345068,9,25,9,1
3785,4.831774600928653,0.10101843814753719,80.3687037014997,5,120,10,0
5744,3.4851826506012236,0.9645081067238619,91.66717972224963,8,134,6,1
9588,6.681512043461843,0.41433899165115284,81.46141401287058,1,31,9,0
8801,4.809219629717877,0.5090997140601219,65.44094698787548,8,49,9,0
9244,8.954595905370033,0.4273802686291537,55.20664447940386,8,88,0,0
3096,1.5502146146086995,0.7256935074670752,59.57979036585942,9,36,13,0
8081,3.67940049596135,0.38841137583135776,104.62213681652747,7,98,6,1
4079,10.1456225434529,0.75337587562906,73.43169317352164,3,104,11,1
5533,10.191166204103723,0.7518685218742093,109.09664080131756,4,25,1,1
3007,9.501825913927291,0.4848131444584155,64.04777488994196,0,93,12,0
4502,2.658808536917103,0.7336188975505258,100.69661425250165,2,36,14,0
888,7.013767235236684,0.8911403583489779,89.65488279124325,7,15,4,0
4431,9.17449720216961,0.9795578077115634,90.33024266851513,9,51,0,1
1153,10.703360387583865,0.5048206087189605,109.52190273972495,6,35,3,1
8976,8.594768174219585,0.05864677044214239,95.2928070032116,8,5,11,0
1907,2.108911406791928,0.890108790122035,57.90634938447157,8,75,12,0
5732,2.6086380150396287,0.038705087419471096,111.3542087778227,5,104,11,0
5836,11.167978207731888,0.7063265574516386,88.91467791102218,5,144,10,1
9687,6.641987507807324,0.9060926568666867,86.58061959130366,7,123,4,1
1619,1.226299475548954,0.5483600575909836,108.87412453755304,3,125,14,0
2065,3.6454968504044225,0.20518563824205505,71.4311632128405,3,23,6,0
1676,11.791695579319995,0.17091073820181435,71.94737892818577,9,19,7,0
7304,6.538326736729339,0.786817969373106,76.5548317686871,0,8,8,0
849,4.390353192824221,0.21252246600806712,73.44297282479096,9,14,12,0
9178,9.338817894026297,0.6289869973554107,71.46033744571368,6,135,2,1
3707,10.151968460243003,0.19969565854297622,86.56594599313343,6,59,3,0
780,4.657896811009767,0.0027914204873524806,107.96375386455183,2,113,1,0
9993,4.318443765954975,0.8438428681778096,84.81839068104338,3,104,5,1
6246,0.9671853787435477,0.3814035012280875,55.454994040734015,5,3,1,0
7046,8.625129245234913,0.8528382586755238,56.134927394377954,8,9,0,0
3552,5.718602204962466,0.3903768025722588,83.41334681084115,8,62,10,0
2194,8.963561355874436,0.25738088043586227,94.19966779895827,10,67,10,0
4049,2.7677501702109795,0.47941624874414557,98.48370659507019,4,112,3,0
6533,10.750725413692953,0.27898326109507876,102.39790583147796,2,105,0,1
5321,6.730059869286288,0.7033231534817076,104.00799675038473,10,27,2,1
6345,10.73754771406343,0.531770483404281,101.70015559466373,11,41,5,1
7093,11.971969831643374,0.8533807952641569,65.50892490078157,6,22,9,1
2005,8.576884897240308,0.4557368464671787,114.6579072091842,6,97,13,1
3552,2.3466215338079484,0.4177405338256782,78.1713118952475,5,31,11,0
8075,3.703673725617748,0.8088949921157486,102.45487721430013,5,132,10,1
790,1.1209734341407733,0.29218145956204256,105.08336984945426,1,50,3,0
4031,1.8942042694701593,0.25276832068793487,73.92579680378634,1,0,12,0
7877,8.509712902547518,0.021214726981958587,84.07502518922094,10,76,1,0
6886,9.023602040879112,0.11561552052892776,95.41494113189876,10,80,14,1
6923,11.15939680874233,0.47563889566845396,98.7882706360994,5,48,1,1
4116,4.975012260933732,0.17615924231069935,111.59415979665665,8,26,4,0
1792,7.098006775016191,0.8919704253907592,82.74676657530696,1,111,5,0
8418,10.457892874573158,0.8472006047282628,68.6969060691883,0,146,1,1
6378,9.026641921971127,0.3946274948805121,99.58529409860533,3,5,0,0
2869,5.532805260938683,0.5841563559130147,71.6224580948108,8,30,4,0
5610,3.976253917848824,0.4520348717856514,59.31326520532688,1,69,12,0
9832,2.471144308133598,0.4523942447440802,68.9476660357175,8,147,7,0
6166,11.556918831874063,0.7470047981679753,104.30480060089155,5,85,8,1
9958,11.030588180028198,0.9245410697130222,94.34125943225472,8,85,8,1
4043,10.442874620503128,0.1071474241864574,86.54441048224832,2,91,2,0
2548,5.342521343148112,0.9170210802922817,66.15175569728609,3,127,6,0
1024,5.214757389760441,0.6735075683891165,110.48091171979716,7,71,2,0
4600,10.353134398267954,0.8954865190465761,114.35798503023537,2,144,9,1
4664,9.209986045424873,0.12033652739049594,69.53264128294136,7,66,13,0
8236,7.359730286369097,0.7255372148698533,90.36854266762752,5,45,12,1
5085,5.582058162021871,0.4629163804842439,72.13285037084418,9,45,7,0
7932,5.551833723869865,0.4660748256932421,79.80226712088447,0,60,1,0
8369,7.620337622909303,0.8023569850320943,80.85786066843023,1,119,4,1
6910,5.77847876326874,0.12151352744862076,68.32968088911743,2,59,9,0
6982,11.12187303543664,0.38038582601610305,69.64656725145981,0,49,11,0
1354,3.4413263627591273,0.4296412972680944,77.57196556997783,6,17,10,0
510,6.060962926640682,0.5854577261440829,63.62565317330485,7,101,6,0
9769,9.862444406345894,0.8507151276162719,93.53057926788509,7,83,12,1
9945,6.535560382421163,0.5088853124650757,62.642683581306336,10,79,1,0
6342,0.9648913200474792,0.5369182308074445,114.15612489935936,10,143,8,1
8022,2.7298495624779795,0.39396769188891634,91.88989664880728,3,87,2,0
5575,2.813518868838677,0.056690825446063964,77.20750343088311,2,26,4,0
6265,11.600258687469791,0.2136880950553186,93.77289622980025,3,61,7,0
7223,7.804805076495909,0.5612740473075523,81.26856840540391,5,115,12,1
6436,0.7952034563581252,0.8982321193951611,90.09355697126955,1,135,5,0
2874,9.205400018700194,0.6974422295619839,100.17338677406482,6,66,3,1
6282,5.250004105740457,0.1982698609709721,109.09395196039753,0,111,12,0
9421,2.619678708596254,0.11129089066131681,76.62461060490605,1,111,13,0
1718,6.013244616212135,0.42868516471389495,87.22688951973062,9,56,7,0
2519,0.5691862705126507,0.917239765229988,87.87969309877575,0,44,4,0
8221,0.6553121167133475,0.016167721794521195,70.51959005786428,9,91,5,0
4686,10.278896704817763,0.2799594627950164,110.51397832467873,1,56,10,0
6177,1.9605583035158018,0.05138948172159208,112.21410145312902,1,29,4,0
3226,5.329703730545965,0.14815908572654746,83.99296375185729,7,26,6,0
3417,2.8853526175373956,0.3637111235795486,55.287266619132545,10,10,6,0
7031,7.07378368907062,0.2852230475187254,99.32169979421269,1,83,12,1
9203,5.396290088701101,0.060633360675567904,111.03038558577974,10,71,6,1
4169,6.761789958572602,0.09114445028064622,63.426424816772325,4,122,9,0
6379,8.156999036935762,0.3662149910779282,64.29766699189594,3,51,0,0
4055,5.7665661864533195,0.02187605683304905,93.5496679620773,5,130,11,0
4542,9.592353793186014,0.3693946238852672,89.42779460784281,3,50,4,0
5404,4.98719183954513,0.6030853315715407,107.6284989477453,7,107,0,0
8145,11.875332753352561,0.5959848768110464,68.89849014121368,0,85,2,0
8705,9.270706094397406,0.5621028760452684,81.55953937576508,8,21,11,1
9616,11.144301050021271,0.5280658229121808,69.49114966019185,9,108,5,1
3206,0.8357645463615877,0.07959499814357684,65.63463404286668,8,40,13,0
3356,11.688371727899442,0.6706568803254715,55.76036830117108,11,21,10,0
3098,10.14543791053697,0.9093906132393047,91.92966529265672,11,90,2,1
9651,1.7522175416194088,0.3339382914874649,99.85855016385982,9,92,5,1
7974,6.244310902323035,0.41215807388303094,94.27713438192825,11,77,9,1
3101,1.1550785971450792,0.3193799541815524,108.93594760131477,10,19,5,0
1648,6.607439933681435,0.6501331809191307,87.42574549583131,1,87,14,0
538,11.646179602486676,0.9143267179067526,66.95124520103003,11,113,2,1
4252,4.967858727055378,0.8084228900607902,61.57379813990305,11,139,0,0
1155,6.968995404454214,0.012543574432715365,111.3497178821106,5,81,3,0
8928,7.342631176235548,0.6807679373801251,105.24433145446116,5,128,4,1
3448,0.8221108071138581,0.9771069218331883,63.21950163814676,4,103,11,0
9695,3.91281843514016,0.29180024660291026,105.63753942560281,8,69,3,1
8037,6.575377668043208,0.24368082072718245,106.10042357739917,5,126,11,1
7752,2.7892544101008068,0.08087829060918261,81.774601071284,7,12,6,0
6405,9.912070176450365,0.20759072741919093,56.92940147432395,2,110,8,0
1652,10.985811984983577,0.7720434730125149,88.36737633973311,6,7,1,0
5172,4.517783894161602,0.5521749301491624,74.38662783174992,9,55,4,0
9912,7.792158712390009,0.29562001663012616,88.98795586390088,2,56,0,0
8642,10.89257702391689,0.04394864468223092,86.62315894487273,2,91,0,0
4045,10.371764410867291,0.7048242499724049,100.77777475461998,2,75,0,0
2733,7.806463556183955,0.13617463861239176,81.02287103867172,4,39,9,0
9932,1.178512568837648,0.7233840722277634,75.17475590430743,4,104,2,0
1206,10.390556677655285,0.3716366772964015,101.83217079883246,0,57,13,0
8303,8.98018266693081,0.10284731807091418,58.64528540943601,11,75,4,0
6535,8.007688478867335,0.6732095223109208,64.33933587095962,0,2,14,0
4087,4.219623595998597,0.8221161235276229,110.2587455748686,7,90,2,1
6991,7.664634930986825,0.3336222033005437,91.97853564240293,0,84,0,0
7276,8.543748061648174,0.07255915871780316,77.86103870278168,9,144,9,1
2310,10.478724732593049,0.4633674823653373,64.78699848442362,2,67,3,0
8618,6.140601087093536,0.34760417323141435,81.49796720130252,6,129,10,1
9196,10.062879174242576,0.06622727275517803,82.65839012700084,8,84,7,1
2809,9.115669570436065,0.9871878987805232,104.13895249869516,5,46,2,1
9535,4.605725680549422,0.22981274596612333,97.64686060116885,11,149,5,1
8301,3.0103022756350435,0.07721392978423547,64.72759887193271,11,111,4,0
1086,8.560914798764165,0.4320323585692373,110.9803718104221,2,117,8,1
4570,9.951668722913787,0.3975721535194019,92.53719793376901,10,53,11,1
3925,9.069656400607279,0.3590710262155191,94.6833435974771,3,5,14,1
5199,11.28333730336611,0.22583138933392521,94.81939464841561,7,101,6,1
3943,6.589677235054379,0.6969971175196966,101.381431093662,3,74,13,1
8827,11.964953405456308,0.95902076863468,80.91851792130271,10,145,2,1
4910,9.951590341916592,0.8514919251781224,86.8641488701444,0,43,6,0
1715,11.520707007245013,0.25033940610382455,84.61691928039735,7,109,8,0
1949,2.3952624687527755,0.6311385855541304,68.6257212045071,5,94,13,0
7916,2.870622339033724,0.31321447309117434,95.34441292822638,7,140,13,1
5482,5.0932948090725265,0.9102654872669441,112.17320849077257,6,22,2,0
8477,9.162935141406455,0.9077324501313708,78.3578657732911,11,96,9,1
6420,11.365476133646204,0.7094630225007321,93.45183929791409,4,37,9,1
5247,5.946190881396989,0.9576344747618295,71.73839666538828,0,119,10,0
981,4.583592157413699,0.34242168057000066,72.35437490434144,1,81,12,0
7674,2.2580808732878683,0.5952285570478412,102.58052639150871,2,19,3,0
2318,1.1706490753933028,0.4809214749306576,98.92020691164457,10,37,5,0
5655,9.92531679345669,0.41609675561147585,110.45752702181228,9,37,3,1
8938,2.670684769966841,0.6655166034735558,82.14750589701018,2,17,8,0
2843,4.728864308768066,0.8450639746850493,81.18926445427971,8,79,1,0
5645,4.9652549839261,0.7290610707430456,61.32338280911591,8,106,11,0
9509,6.888875484518437,0.3000115366737415,66.94730669573966,8,40,5,0
2139,7.1252222484138015,0.9722197927522019,72.4701918754367,3,78,9,0
1603,10.79887865380323,0.5277028793805103,69.0143347166122,4,118,1,0
150,10.219309229777885,0.9716279833797252,69.30774164634332,2,103,1,0
5693,10.501348643376133,0.9906687126214055,86.08032390109784,7,133,3,1
1427,8.813260861812955,0.606723007908404,56.79441605284539,0,106,10,0
3136,1.099993171318094,0.07139037350532695,91.0294218830524,2,53,4,0
8148,5.313708322205205,0.9135937405970203,87.20485548982349,2,103,3,1
2999,1.2053273269331612,0.5047110376533465,106.58293414579201,5,78,5,0
1322,1.1582705818326822,0.3546364776699774,94.5582730244422,3,146,4,0
6489,1.2791385812099412,0.796886947596664,92.94999296723599,9,126,14,1
8068,8.702215965900564,0.15852985288170962,95.09411994403436,6,53,10,1
4196,9.53677601115624,0.15141004087705456,70.84865879628678,10,36,3,0
9969,1.3220013808505475,0.44030439664695276,67.38070568289756,7,92,6,0
5888,7.893630640645372,0.5879452089433538,83.70618746372142,8,76,1,0
1753,11.74338924606702,0.09096951477580317,96.29939276757959,2,129,11,1
7690,1.8757302051494138,0.6636281842712929,96.66423048433101,5,128,2,1
2273,11.523917337283882,0.5878220315020269,86.85269855990803,6,137,9,1
2281,2.661207289526148,0.21190027849621973,93.05083932478475,1,95,7,0
6908,4.711234743456353,0.4999302966092728,82.78973301534029,2,101,8,0
3637,7.021139080837009,0.03129599922150916,82.67663084132748,10,75,12,0
197,8.711042698923094,0.8620806722394359,86.35234769077788,1,51,13,0
6376,5.792474880669568,0.8520014650066108,86.61706301262467,1,19,6,0
1896,6.523515080726264,0.5268061533041053,56.7193161205084,1,120,5,0
3673,0.9467749209199565,0.20468675820244542,93.82102175151265,10,5,10,0
1640,7.151538249373126,0.18535477088088514,91.12966795381669,4,54,14,0
8803,10.74514760543194,0.502073579449061,71.67979226916987,3,57,11,1
1692,1.2956510558690468,0.6500671466024466,114.93809501361807,0,32,6,0
7503,2.9045602210992056,0.44321009015167556,96.89424585989458,10,27,14,0
2520,7.220844739784706,0.20522117857051558,74.3617777532935,8,127,10,0
5485,3.7532886235574257,0.7554456939236863,83.18914221623402,9,115,0,0
1878,1.9029077636796865,0.6708769334801458,67.65658985594733,6,74,4,0
6196,9.868122823819354,0.46693707990883804,75.22137554802119,3,27,6,0
4139,9.932797101512314,0.5278371205049417,90.17829153667826,2,139,10,0
7348,5.481800878601329,0.7642269836187191,61.02582052752044,11,8,11,0
7193,10.85112419556735,0.5524200977005354,82.99746073851931,1,67,2,0
6147,8.742392347914835,0.9626387557058165,94.57485760195163,1,3,4,1
7113,4.1312755808402715,0.9400557121570474,104.22820230332259,3,92,7,1
627,6.225917113717384,0.1845915707923701,65.31288600229564,10,32,9,0
6527,10.53183886552413,0.5131965114361224,98.51444348338545,0,140,11,1
2706,11.009298567808989,0.012696243637340454,80.20610052674499,2,62,11,0
3913,11.690282918787837,0.5512316361875692,112.83879793842344,2,121,6,1
9009,11.49309604209635,0.46912477555756293,84.29476557175515,1,8,3,0
3245,3.20644319639134,0.3027667880589926,62.25892260110877,11,139,10,0
5237,11.573210655478391,0.14887755854040197,66.29856640734324,6,105,2,0
367,4.473910289620529,0.3414744589181009,94.13813018041127,10,96,5,0
7104,6.070878658968525,0.5957949231098972,102.6841189569547,7,55,11,1
2431,0.6667560553097862,0.41685649199747055,72.27830702643689,9,76,5,0
4669,2.1033502590270823,0.07668050621745193,111.31783443515093,7,138,8,0
3399,1.5974805330912056,0.02957675779361968,97.53024766306294,2,72,3,0
494,6.780424124586542,0.7164904758785258,111.10844051268535,10,69,13,1
484,2.5967795817911647,0.9512748796249504,74.05563497098649,9,91,5,0
3116,3.109530690569063,0.6034051449160128,110.79525647940635,11,77,9,1
3914,9.326863966539113,0.00027900093171695506,111.98793308949385,4,127,13,1
8158,4.788278213399597,0.4935718950615986,60.2684651653363,2,38,5,0
7885,8.112200012394837,0.28582310098158503,65.15730440593025,8,111,1,0
6776,3.84733913163601,0.4313855894604842,56.381501833054486,11,1,5,0
8211,1.6566476738899152,0.23403844546100283,69.47347932057347,0,55,4,0
5101,0.9097689888143368,0.2571380232774074,104.7587438356577,0,92,4,0
1087,4.8817041458610255,0.13279503026969253,92.8450069937734,0,92,13,0
5591,11.542135143598916,0.00026418357345459054,92.66253280020081,3,64,8,0
4345,1.0486038124974744,0.829633776117547,73.0795126825634,5,35,7,0
6330,3.6161533521118354,0.44959077131677405,100.39251891113456,4,126,7,1
5712,2.8820182841658086,0.011631612005025493,74.75604693504228,4,8,3,0
8349,2.380764327048397,0.1548048861348036,94.50263941455954,5,119,14,0
7685,8.643271039689768,0.45141562430628035,94.84776228704953,0,25,3,0
1887,5.080208859189854,0.09376987986139085,110.62454253051331,8,12,6,0
1946,1.6387767827631246,0.4856969099807751,56.10981940298178,3,69,8,0
3439,5.208024616345826,0.35572548337329435,101.53153299234623,2,60,3,0
2355,8.062269341246289,0.64602812218165,111.64467676027277,5,91,2,1
5805,10.153901434535127,0.6071094411917087,70.56363499605416,10,87,7,1
7972,9.029614764827887,0.7673887298202277,66.5035858389538,2,121,0,0
310,7.837690356186376,0.5378876593768019,97.15221389318829,8,23,10,0
9912,5.3880126021980015,0.45295761085739794,89.29696521968658,7,90,2,1
4760,0.6007759179273077,0.20646999678461064,94.59359798892093,8,78,13,0
2773,5.486236104332248,0.39223984948504653,64.3054601299272,1,107,2,0
175,5.179406302707004,0.24241191215630842,114.74661317384401,5,99,11,0
8349,2.4534064613144873,0.5415373381115605,111.69866201894338,5,20,4,0
9622,0.7582694607396008,0.7952209384081738,61.569348678089014,5,76,5,0
5359,6.1996033336813925,0.3213952429298179,103.5887550715947,3,143,3,0
8363,11.59982817738938,0.049526403258103535,111.92075714609463,3,26,12,1
3304,3.189138127191054,0.17223767335591844,77.97771644220259,5,88,1,0
5086,4.856176154361279,0.06350410805602591,114.20887491562199,10,140,14,1
1448,6.619181784551707,0.14759475877605788,74.4888655824709,10,100,3,0
5333,11.552712119142091,0.8502685134172611,72.47879479975819,11,122,12,1
8921,5.249911908274012,0.20069616402133417,63.60378344745571,3,53,8,0
9032,1.225254952691106,0.19289853748958963,103.10016398263036,8,116,0,0
4946,2.0435069297263193,0.46976201123439654,63.59012163152056,9,49,5,0
862,4.330987580024513,0.5286273814801558,100.51234961647404,1,58,3,0
6823,2.2559960380924853,0.009632280766791679,111.83790408712301,4,8,6,0
8481,1.8722088661730767,0.8794264469740746,86.73195274771541,9,60,8,1
4029,9.115831271567085,0.45683099160514384,60.21094157122331,0,70,0,0
4432,0.7622607899557503,0.6502415577916905,62.33547028323593,8,90,10,0
4155,9.909980874224601,0.25505941123343345,100.44129856848042,5,144,8,1
793,6.680800065355765,0.32606159677043345,103.43971405357887,3,148,1,0
5115,7.244201190180606,0.6151055824808438,100.87118746923846,7,127,2,1
6482,7.460166858032919,0.8408232298443991,75.88026249871685,9,30,14,1
3517,0.992210079209449,0.05991784525305477,114.27930702661946,0,103,8,0
5637,8.998641438848608,0.3447181843088447,80.18139059232365,10,126,11,1
7511,6.888157080746765,0.45464470252053213,82.8460997293793,3,66,5,0
7415,11.466485897395504,0.21807017595411737,94.74265557164621,2,57,6,1
1478,7.8702461600562446,0.6132041708209436,77.34807378193103,2,145,11,0
4124,9.999396800916527,0.3834619078229402,91.40530772233204,9,0,2,0
386,7.465648239439952,0.08703627698589911,67.55478497124325,4,69,14,0
5891,6.100991619513694,0.01505086155649138,66.26764542701835,2,32,13,0
1809,10.665455123625032,0.9020370155249899,71.50483518758968,9,9,9,1
4686,5.901020279140328,0.2045388879739699,86.10306341767712,8,56,12,0
8659,1.8948990035718853,0.42597394799386057,98.48973448457286,11,121,9,1
5041,11.648391766546059,0.7134994495489242,58.96796737983492,2,26,8,0
7946,5.233471149744074,0.5263167373225358,98.19765292912204,3,15,5,0
7702,6.705304045118795,0.5788266010254638,104.2278613036303,8,120,10,1
8935,8.39710081358745,0.021634028204232436,78.3307992714042,8,46,11,0
1559,2.1092714050973913,0.7388487837615042,107.69574940716731,9,27,1,0
6407,0.6765461901542047,0.44461949424048564,100.96525971608621,3,80,6,0
8881,6.763044673407078,0.2885050897993384,63.1622273584988,10,67,5,0
9709,3.13238020400243,0.3840028978371094,60.077753549412364,3,6,2,0
3780,1.82203330053951,0.11930261955397936,61.54650372429858,9,94,13,0
9336,6.315318110615184,0.32439084659351847,98.26040798722204,10,146,4,1
5183,3.5092443668780353,0.0409773379286138,71.16562720142194,6,66,9,0
3786,8.615399099102909,0.1751420393358153,109.02921624437458,6,137,11,1
6903,6.123849229619001,0.37061327659037646,84.51912969083013,11,39,2,0
5044,10.929809388741436,0.5803313468821099,94.94105549469604,2,120,14,1
893,1.3057565693692337,0.7856313694888005,77.3088656192444,8,2,12,0
2521,6.747170127817066,0.9030416349571972,64.22981946196522,6,23,1,0
9190,7.944246159260864,0.7500248516458556,82.55299301896302,1,115,7,1
1970,6.272669694857606,0.5623787612051863,65.9414540758131,10,4,0,0
7980,7.1987011916365,0.29034697379209606,67.51138142090241,9,59,8,0
3016,5.7950933964158535,0.0171917370759197,57.953752608917206,3,45,3,0
5793,2.6036481426896962,0.4833587386940723,103.92292077188863,10,110,11,1
9053,10.187194505244218,0.3605042476884386,95.72299468798177,10,148,5,1
6044,2.939058412745329,0.28322740358812826,58.1991459486995,2,16,11,0
1393,11.4291080285436,0.9372746789500175,65.74117260139435,7,135,14,1
4420,11.78159888269841,0.2427161322028195,70.13546893540774,5,100,11,0
6743,2.7989096460083,0.07044483786121758,61.873698160967685,10,55,14,0
7452,4.084058090833176,0.7407443655598347,82.42962156038965,7,28,1,0
3560,2.716804439551085,0.7069641321630017,101.75272851815915,0,116,13,0
5346,10.949431465868056,0.045137660952357384,63.28191939506786,4,139,2,0
8842,3.7529208066526247,0.5058127184231497,103.3035931415666,6,148,0,1
4210,1.3427749471492183,0.3651534200866502,110.64999385338476,11,122,14,1
8756,5.936528414188469,0.9629734170091564,91.98028536107546,1,22,0,0
728,9.776717675346601,0.018247191737100765,79.5879605917629,11,39,14,0
8131,10.093329304537624,0.9096065502521061,89.96020171089367,5,44,5,1
9309,4.697699188814725,0.08737766482572362,67.83492307418659,10,110,9,0
396,7.891330646665653,0.9426754743008966,71.31173941677528,5,54,4,0
8003,1.5178763781234044,0.008415854225097608,106.9978369612669,2,128,0,0
3201,1.3187991092805238,0.45589102749307375,85.80271300993266,7,101,14,0
2850,5.37126960288587,0.9978355691049429,67.48210415065749,1,145,8,0
8609,5.716693575507624,0.09710317880857311,101.5669481814396,0,43,12,0
943,1.658103211200018,0.7891894273809738,90.25345433986857,3,5,5,0
7559,0.9867595231162836,0.5658554934962382,57.68872551174398,6,105,13,0
4752,6.368250326541144,0.6881719230712848,92.74936986216271,2,61,0,0
2230,3.9522993318017003,0.36925792134719304,94.22924974092454,1,112,6,0
1801,4.252254848810714,0.8653031500910637,102.5206252433747,2,73,9,0
6383,9.13685944119117,0.9339288147564547,85.79744908059962,9,30,2,1
4444,8.972949448958133,0.03411171611720387,104.77320898251814,8,109,14,1
3114,9.1525773428084,0.11196491604444869,107.89014820474662,9,8,3,0
1107,6.446114377003991,0.6174435937576181,69.80910358377622,0,124,3,0
8403,7.895158395818283,0.8940706423239545,87.6928812963203,7,107,11,1
2531,6.0878608939884,0.768491472948073,91.365887527914,5,33,9,0
6263,11.62067638869955,0.45982162861471476,86.65810540042881,5,38,10,1
5983,9.981941744904507,0.057651565975934016,93.48278056224007,7,68,7,0
3622,2.34436915280949,0.6206003052165435,60.862512821785224,8,148,8,0
9816,6.325415853449924,0.9647992257559402,72.45652055641237,11,124,11,1
9597,4.944588412349937,0.07242474170060209,79.7164142703694,10,22,12,0
439,8.473523573099332,0.7694988125372649,98.39659656936878,1,148,7,1
2933,9.305136949856172,0.9310975220517498,114.39262659046958,5,64,3,1
9179,3.2999921288802736,0.9089638649430076,94.46123590088752,8,133,14,1
5776,8.90037834904194,0.5784054160297732,87.7855710107344,9,118,6,1
633,5.215836118107301,0.022431234588591642,56.66300585012158,11,120,1,0
7458,7.7755127956463355,0.7926078378358223,106.93763610516875,10,14,9,1
6475,8.398175729588239,0.5495623282614128,72.4259377954249,11,80,0,0
4250,1.721411256058992,0.05592504061231385,71.29839270382453,11,129,5,0
8321,7.545590479500884,0.08891866573738005,66.93404822618069,8,36,2,0
3970,5.260121740870189,0.14616646753515117,87.32263043673477,8,34,0,0
2143,1.847679293906042,0.16014578636042665,110.43596881910966,1,123,1,0
8166,7.234674634904484,0.1891490260933253,81.96943775498696,2,147,14,1
338,10.638850966020433,0.5423291786070727,103.97399336107667,10,104,2,1
792,8.608424376261732,0.7585238472667114,114.92083217954112,8,143,6,1
5963,2.5588238938001724,0.13376373020048837,81.75439959904983,7,114,3,0
1245,7.74181658547935,0.7200456199451652,90.44442506358622,10,118,0,0
5445,4.873914322499873,0.4179619104418143,89.27893675426779,6,0,7,0
4057,7.369138259216596,0.9736594944663677,67.68501832063349,11,84,10,1
6005,5.758566853179096,0.8024530261616765,77.88059687863304,5,1,11,0
2548,4.130271737946738,0.9133656558868785,90.12649763606338,11,0,14,0
429,4.797705698591794,0.1432464132690514,83.3213721132204,0,135,3,0
9286,9.6550884363637,0.2597908940542675,111.53788421232792,3,101,11,1
3829,7.941126566828904,0.939461207293731,69.53299613138797,5,1,8,0
5800,7.856214410434243,0.7646478900138473,96.97806379905379,9,149,7,1
8499,4.5247370633546815,0.7553694306578824,73.22312061843486,0,2,11,0
1071,10.096716724784244,0.24678359146396112,68.47306218854335,8,26,12,0
7228,9.34406627102324,0.34939020400810794,78.29813944642666,11,47,9,0
9922,1.388033245138932,0.7625856203353336,55.424066928257346,5,22,5,0
6081,3.2178619812299454,0.8010117213829465,69.79061545977818,6,118,5,0
7203,2.3139848322206675,0.6520171174649922,91.96878328502109,1,93,2,0
5781,5.334953706981146,0.26119459331388095,93.3266615649946,9,81,13,0
2155,8.890415381679961,0.3262425154354026,75.19045327581517,1,23,6,0
6200,3.21191882976434,0.3942472195222555,114.18208272436691,7,77,11,0
6528,5.82183227208615,0.9901904598167898,106.24254766125968,2,41,8,1
6181,3.8466740525538983,0.36090097536920596,77.24648993185457,7,2,3,0
1502,1.8854319509502515,0.6644729191946505,69.91300519561005,6,68,11,0
187,0.7272769076224571,0.9848502598210048,79.39908312910677,4,94,2,0
7893,7.895867842807327,0.3691407869787342,70.78143475866754,2,29,0,0
3014,10.061286564654061,0.9834422729941527,82.85513080264069,11,92,2,1
2299,5.906975336833994,0.6945603945563467,63.60210620038155,0,106,6,0
8312,4.4889226808584715,0.6890501951125685,91.33985687378492,6,0,0,0
6464,10.069663746266167,0.143621162718225,113.07246535036461,0,10,14,1
1407,3.936674908830632,0.3357334431200849,105.9186415592383,2,79,2,0
2093,2.62179751311107,0.8761505285850042,105.30296998972962,0,67,9,0
9959,6.902183805918168,0.3157646000882939,62.22281304345106,0,92,14,0
7055,1.9771939293181733,0.4139835271209322,112.99156733574911,0,48,0,0
306,10.792683950055858,0.5255040917402584,55.33365406066674,6,115,5,0
8901,3.437327819409017,0.9593035609997812,112.6856748200664,2,20,9,1
1787,6.899544050861942,0.26083619049553375,84.58802514535591,9,139,13,0
6471,10.798767572568462,0.6194661908217567,73.71281135886785,9,81,5,1
8975,3.789757259082048,0.8899047241594535,58.67133789839399,3,46,3,0
7578,9.730370562283358,0.8640504161727545,89.05518209300556,8,54,1,1
9725,2.2993750259146415,0.840424198882153,78.51287807566798,2,144,6,1
1151,2.584411584649494,0.3286398576261781,68.29891633358318,8,129,12,0
6491,1.5629160337138712,0.42256471872913837,93.04763414800573,10,126,13,1
2342,10.922318906449354,0.564703786500656,61.34014672640413,8,17,14,0
7157,10.869697889999903,0.634585932203521,63.72311632076657,10,90,10,1
2914,1.1372345910220676,0.6173588898518934,56.6936569459639,9,19,9,0
859,2.01368748729387,0.5298898070686574,57.507063492168925,9,44,1,0
6070,8.75454868576106,0.5943377758901529,105.7630463083307,0,54,12,1
4904,11.265338761888641,0.9077157989981101,85.1620582543539,4,103,10,1
8189,8.06703463010857,0.7198736286303559,82.40841819285134,3,16,14,1
6436,2.8279951240420917,0.9395941323885137,105.78817182105763,10,95,2,1
7875,8.100555177577919,0.48594395646886845,67.10960685487255,9,103,5,1
7956,0.9994306900444636,0.09864784213969313,106.9402520030327,9,89,6,0
6354,8.606563394042283,0.24049476377348256,89.52363857395358,11,68,1,0
9265,6.957069620367317,0.9647557161009522,104.68150283853655,5,38,6,1
2321,8.869174792896988,0.25695232996145567,83.92391302689505,3,59,0,0
5015,8.183469932441527,0.8527888849176701,65.43270170354222,7,99,2,0
5889,9.135583858042725,0.05227254538026338,82.69022845116277,0,106,10,0
1674,10.830608160290243,0.8286171776002796,64.7347055808655,6,90,5,0
1829,4.82772345195239,0.0392860021034801,67.30066947453871,5,89,10,0
3091,8.858613758268277,0.2792348344142582,75.24458616451821,4,119,12,0
5019,2.692814771711133,0.7587553787907217,92.83008365924624,10,15,12,0
7705,6.695030265477831,0.2038713952718506,100.99609683842345,2,120,14,1
8212,1.386447892837485,0.02580743744003311,108.45369937803578,5,73,11,0
775,11.707463628511817,0.9207317239935128,96.32122034547777,3,21,4,1
5879,10.813983424931356,0.28133665995282786,113.17791197706663,3,2,12,1
1460,4.552144837405295,0.5354237635430692,80.26069101725317,7,34,9,0
5867,8.070822647178382,0.45014656229108063,88.44504127956459,7,136,4,1
887,3.1300757832008657,0.2417340623418862,91.73215028490281,9,8,10,0
2504,11.207399609200937,0.4213866023065065,101.90662406789673,3,82,4,1
9595,0.5906967623719204,0.18439212753118772,96.6397957025799,3,116,1,0
2974,11.688935151737141,0.5068982407464714,58.15924749511224,4,148,5,0
3088,7.980672110229016,0.4518898153928159,100.9450969345186,3,103,11,1
9061,11.362563787920248,0.3743837777836535,108.1572450704649,2,27,7,1
8064,8.38373927673837,0.6179864249110137,109.48645850169125,6,88,0,1
9269,0.6725908707081469,0.14184326285002535,98.47519028954218,9,109,9,0
385,2.7152117235318536,0.8184450509111606,73.50464284094281,8,34,0,0
1924,3.523395535399838,0.6549032038018555,58.45158757812929,7,96,3,0
9749,11.054230114857742,0.3888484984610555,108.43714284201135,10,29,3,1
8370,4.108320810625123,0.08084524452438657,100.37388415418624,9,91,6,0
931,2.5854467526117233,0.23571484185365033,112.59646265789013,5,34,7,0
5292,9.087646632411174,0.1810383918063877,79.75809076597639,3,23,11,0
7789,2.8272981378093496,0.6202125240430831,87.71377139039734,8,59,8,0
3561,7.3384456364168615,0.06510416048104195,93.28307268468373,8,107,13,0
9693,1.6231697475781026,0.5331576145793249,84.40743107982597,6,12,10,0
9575,8.602588776763755,0.027561685551887316,68.89726591329084,4,6,2,0
7401,8.473054711750665,0.00884895209469827,82.67451695907822,7,98,10,0
5289,3.729923372923559,0.10235870799003255,60.361389680326084,0,18,12,0
5757,2.915775557451247,0.5511847444346756,68.30018066385826,4,94,12,0
2209,11.43425617721732,0.4118231623463309,99.03986889172353,1,139,12,1
134,5.6678034333679115,0.7032733753426386,91.55455081593651,6,34,9,0
763,11.516951641907934,0.22098930696841523,67.1416801702022,7,148,2,0
9695,3.0237145905172786,0.8079471505019208,90.17480240502142,3,18,11,0
8283,4.333688269930601,0.6736206100956629,76.8081699124108,0,149,12,1
8698,0.9074738451416415,0.08099808031444378,63.100902009882645,4,100,0,0
1087,11.170242962551457,0.22838183885194807,95.50614213846806,2,98,11,0
1807,5.438571120824586,0.6331040090587081,59.095616561005045,7,27,4,0
8705,5.21160876821204,0.46130533831591825,79.02205361208128,11,87,3,0
7027,8.491133493235132,0.29477937237187235,85.3948170082369,0,82,6,0
6493,4.952987813271947,0.5189119503729577,78.7160830961419,10,87,11,0
7774,8.536083424633892,0.5607535189930609,82.30433301362012,10,82,9,1
7458,11.939227192214114,0.8940803463935447,66.37099046174988,7,116,11,1
8032,11.79148550543617,0.2715247646359936,87.38520591159383,6,27,6,1
9273,3.574496334225735,0.11784412125762511,62.38640811515334,7,67,8,0
9383,8.127974860631676,0.3677152877065859,87.64679130500053,4,62,3,0
3996,5.691612416523537,0.3252627555936095,63.97505310019932,6,23,6,0
4951,10.591092731626697,0.7980978587294055,57.58351740661769,9,128,2,0
8344,4.522859077653792,0.8678779046470863,75.35525110798996,8,35,13,1
4733,11.919714732288474,0.19403199264253734,89.46326346506804,5,9,4,0
6769,1.5790155684008966,0.21129390880853016,94.30420654573386,7,142,9,0
5240,1.4260226510261649,0.32889469680919337,101.89702252036021,3,3,10,0
7240,6.7063581894622795,0.1496647235789481,75.62052586255287,1,45,7,0
8234,4.637077200992022,0.43621632792471454,85.9902271050165,7,31,7,0
1202,6.842164562330709,0.5726649724329973,90.88448597531969,11,32,11,0
2524,5.313727950511796,0.993100772291395,96.49709444874256,5,15,10,0
3567,11.299490200341339,0.019114038354285157,70.59805707611564,3,87,10,0
6526,11.939140750200396,0.8419260295505563,97.02491153117066,3,7,6,1
3100,9.032100256978215,0.7576033370985612,114.28715986734977,7,42,0,1
9639,10.289754962185379,0.3513377515915038,92.35130723500409,5,47,13,1
8437,7.6346090376681905,0.915024542252462,94.01864800512253,1,33,14,1
1142,6.30274862139259,0.10800753741756186,107.36242017491882,10,44,11,0
2813,3.0315842348102233,0.9221494498165241,71.60313583225197,2,127,2,0
8129,6.011004143354279,0.22733333628173213,68.36524682322555,7,68,14,0
8971,3.061031928588192,0.10262924110003202,86.40908411115774,4,63,2,0
6040,8.938082128888842,0.2885773194559641,71.874524422747,9,78,12,1
5680,2.8822116118491903,0.9640469529409013,82.65444644305944,2,93,1,0
6564,9.623192286829543,0.14207084013207394,90.21854869888884,10,82,3,1
6673,5.658872329565366,0.24671589669230254,92.70187977015934,0,21,13,0
8047,5.072340978701665,0.3378409730324783,73.56510727755942,5,12,9,0
1792,9.592461339113663,0.8873396602853845,70.00027838837697,6,2,0,0
5167,0.7661134498581319,0.6034127971853079,109.68697176115181,11,15,9,0
5817,11.079234901037234,0.39923928508695417,82.72419968890823,6,31,0,0
1418,3.4401997604996266,0.48053907725236966,106.98028868521662,5,90,1,0
7870,9.952022754095987,0.6179672960966882,100.45690144252578,4,9,9,1
445,4.89054313303968,0.4783522391881495,93.02078790482288,3,139,0,0
2248,6.202243140552215,0.29546425633524753,71.11216673999667,10,2,4,0
2284,3.6520901331449207,0.5983023567609297,57.572141524189725,5,129,9,0
1075,8.212249770655497,0.2130529996548326,81.47024013724085,8,62,5,0
8437,7.727208511094193,0.24236202985400146,90.45860194602022,0,8,6,0
3929,5.785935094741856,0.26188090345219894,112.27183541117427,10,66,1,0
8751,8.269121118630476,0.7836866483634904,84.43271986745134,8,56,9,1
5734,9.519646946112523,0.5256675371323831,95.4550207485196,11,31,10,1
5134,2.2533742738558393,0.1957836648408614,64.03128304561703,10,16,11,0
9239,3.600298452492149,0.4904538887709059,67.28502371034863,6,22,13,0
5983,5.720169548233774,0.25822816655291503,102.28325538746029,11,23,13,1
6711,6.537493206785478,0.22122117719882095,72.9908909246059,3,102,1,0
8707,5.3503868527903355,0.06794057997065717,69.09450359653339,11,30,4,0
2080,5.654335781039089,0.08547697601205406,73.96936460458213,3,114,11,0
8266,3.7369683197265453,0.7826249477791083,64.25719818685329,4,118,8,0
4780,9.17114085897593,0.35688032618369225,86.31424095137538,9,30,13,1
4726,10.01656912093658,0.8560185269003702,102.68694780434511,11,145,2,1
320,5.444443442700396,0.9759409356277079,87.8681016403294,1,43,6,0
9990,2.3991343729044736,0.49446905310020706,67.73472480871901,8,135,4,0
7971,9.921646279139203,0.011244523370902981,79.834588853668,11,113,1,0
6132,8.708494361053232,0.04601899190199088,110.93776103683736,0,104,4,0
200,7.9313025351253215,0.7408970219841501,65.729352698602,3,121,7,0
2447,2.507466652204919,0.42480535816576115,114.43117844679652,0,12,10,0
7035,4.532041896185576,0.8098916128846231,68.91557955870579,2,93,10,0
8594,3.623362487226109,0.9098049254307516,109.89524733640692,0,62,7,1
387,9.731780282730929,0.9313867425755923,90.50437270392725,10,68,4,1
7962,0.9861312355157824,0.06326487198928876,86.20885053120496,9,26,10,0
4791,3.7441315881217556,0.642060232623062,109.2595556686505,1,19,8,0
393,1.6670797749539632,0.6419949881635121,92.95701725000838,9,149,6,0
3906,4.1631900177601695,0.2972401498309122,96.48038650181736,10,31,0,0
425,7.629551036672045,0.47497708160161656,103.41989310825912,0,53,6,0
8306,8.30884380599639,0.33983855574216515,114.68432293556963,5,83,11,1
1900,9.84263799644548,0.8349962421973068,88.82305375308775,1,84,9,1
8931,2.5487903894439037,0.11490718355051566,79.75126042509997,3,89,1,0
6492,4.862976589080715,0.4942443213019204,61.743699988560834,4,21,5,0
4387,7.51952442099962,0.9000630914309677,94.44842626247498,3,12,6,0
1906,3.6233269988675145,0.7036313251615156,78.8797716010234,3,139,9,0
2540,4.705835515936946,0.04614231275587699,93.4859377327916,8,123,7,0
9277,2.864106997753761,0.3594273616912126,63.96225286800893,8,127,13,0
4184,5.054062355192429,0.18562931919752934,58.45736311580769,4,44,5,0
4129,2.2626300789635208,0.7253453270244792,73.80672814293139,9,114,12,0
6000,7.212569860697504,0.11746199217525588,63.07442410516635,8,85,7,0
1994,3.668553710258822,0.9884834609615811,96.75296883631073,3,91,2,0
4677,10.023794912268773,0.6462079698495388,81.22854824090314,11,23,8,1
4727,11.813974769998643,0.9539895867957596,93.52593175972274,5,77,5,1
7553,2.2520093917273503,0.3676725868855668,87.22480178267269,3,116,0,0
2615,4.9929331845551665,0.49069556853848484,93.83622678680098,6,10,12,0
689,11.43056641544896,0.6167947770674975,83.6241637213551,11,61,5,1
5789,4.493082383367464,0.3023385826004643,78.9628953440023,1,59,5,0
3799,8.855005112327177,0.8287435097449377,58.09854100696547,7,19,10,0
7176,7.118059608681721,0.3130457369435017,59.62727593408685,10,47,11,0
2431,11.164577741340443,0.8904661210402756,95.416545001789,5,89,13,1
8580,6.3572317095296,0.35529232710210146,100.88378525523042,5,143,10,1
7123,9.391505347405177,0.9348452625332258,68.9386080917289,3,45,8,0
9513,10.667612784168286,0.12681457556959175,70.71243252466091,7,75,9,1
748,5.100336040536614,0.8055883314593775,94.75426549290727,7,66,10,0
2720,5.099694377842995,0.5583306861382581,81.24026842043413,7,83,8,0
2026,1.360673678753792,0.43570582837363614,112.72509191017188,5,1,12,0
6154,1.2135823876857013,0.7047559695955686,78.95923629442524,3,43,6,0
2769,9.613759099105945,0.36124979906960675,101.24800899680017,10,56,4,0
1797,8.106611978300778,0.11518589815577962,86.74231712015667,5,84,7,0
4075,6.80223101488732,0.9030869953589272,96.21576692106393,4,29,6,0
4665,11.306698852475469,0.3616619933487195,104.25629242757944,0,121,4,1
9130,10.983627737429893,0.23756713002260776,98.52375956006007,11,139,13,1
2973,11.980331599362648,0.7436805070783038,72.30815595865869,4,21,10,0
1264,10.71091937701199,0.6761617650526841,62.86711051216393,3,107,14,0
4322,7.780758760956566,0.3719964976189559,73.68255646286902,3,66,7,0
4509,7.8446314623541475,0.4002384629370086,78.20865937173676,11,117,1,0
263,7.762399589512097,0.7915293537560889,81.11692038239723,7,26,3,0
1659,9.878458424081266,0.5291994157123077,58.36175752029185,8,145,9,0
704,2.0781840939227587,0.24511654377720193,72.71563135834698,1,22,9,0
592,1.7392174835071474,0.7594809846612052,92.38769963392677,4,121,6,0
8928,11.403690865899106,0.6180746620110794,70.47163493559967,9,31,8,1
9215,10.757456285716312,0.5823873513594704,57.33535802195145,6,94,5,1
6272,1.9036530911458591,0.35039768366223034,68.87747119555381,10,108,7,0
5464,2.985916236756438,0.9054576466387405,80.43721097553399,1,141,12,0
4659,2.23628126105823,0.8712918302811473,89.21738839495077,0,57,4,0
8560,11.199187809519701,0.7153108459607928,105.58252054479507,3,139,8,1
1607,4.5878545483267965,0.7690150321269068,89.24986173880654,11,96,14,1
1700,7.958351733569131,0.6784978442501189,93.75727561434188,3,134,2,0
6818,2.5562839382151252,0.743251165381962,68.45633041515593,5,53,5,0
4040,8.424212092275644,0.7755031950605774,89.91472206009283,7,21,11,1
1512,5.917745815371578,0.15398963698266332,92.74180576281347,0,32,4,0
2145,10.517746521287801,0.08129894720709985,64.9675650115369,7,52,5,0
8315,11.325577639714652,0.7123389951391743,93.10672917720116,5,120,4,1
6771,0.6300204208988469,0.38543243961384854,91.65311409950715,1,129,2,0
6585,11.632966561123423,0.8903068608232956,81.6776690115987,3,70,1,1
8623,10.204901297652661,0.4274697461971053,63.45683028513834,9,103,8,1
2315,8.833199050063913,0.15327209098026728,73.30898709066206,10,109,9,0
9366,7.429273467718658,0.9275332364551675,60.395667413139286,1,103,3,0
6056,5.494351708225689,0.14630127210557853,88.57443564901877,7,79,13,0
9453,0.980930979536502,0.08686514965233916,92.35792256386615,7,3,1,0
9822,10.476045439148335,0.5193796438761465,76.25483776351133,4,74,6,1
2657,4.013693541451545,0.6710306766339589,88.66826499112297,8,1,3,0
7258,3.9887102502628022,0.06812634850061772,101.21402034318596,8,93,8,1
5379,3.9159083553619256,0.6851801526222502,66.57841640512628,7,9,1,0
4423,11.65736364193715,0.5673909816574829,83.58606075621414,0,65,3,0
5969,1.1284337384968355,0.10232868052373723,95.53505957897067,3,27,13,0
2664,5.391739907486243,0.46513734917856475,105.21941795594425,10,72,5,1
4143,7.236665871078668,0.2143768603445113,110.42182789384245,6,135,14,1
2904,8.299530861146913,0.5631686822654821,86.0538400040639,3,64,10,0
7423,9.195272552292394,0.34198676362782554,105.48009037876653,2,146,9,1
5092,11.573133531267546,0.9500007855197825,97.30569191259377,4,38,0,1
4436,2.0764216402034696,0.08919364745578884,100.08344041033418,1,54,5,0
3091,1.0115086530871764,0.8088377508837282,94.61615356531901,8,121,11,0
4393,3.343728637055194,0.04174063140921391,106.85277107902073,2,106,14,0
4926,5.031642624038678,0.03257136831824303,105.39818030163892,11,119,10,1
6116,4.914301908734511,0.5091015962470394,65.09668047522574,1,122,11,0
8978,6.493867924153518,0.23103453397824436,57.1908443633149,11,129,13,1
3997,9.844730965237986,0.17782980637904722,95.74737527943176,5,146,8,0
4158,8.369129888428706,0.5083507701379181,69.76236304276459,5,82,5,0
4743,1.659960177143883,0.7919139673654286,95.4891628595657,1,84,1,0
946,6.322316859684354,0.9724952535915865,94.96859466878529,2,32,0,0
6078,3.2410254342187224,0.7323751075768312,78.0584031656885,2,104,8,0
6484,8.388724527597095,0.787939356370365,82.34120224639041,9,82,7,1
7043,10.75367785559957,0.6713140639121952,112.11332773212644,8,112,8,1
4802,11.795531315702561,0.439307689069779,63.49309260808481,7,90,2,0
6970,11.417387687664473,0.9287271053895028,71.0780519125315,0,131,3,1
3177,1.167324088789869,0.6654357942668683,102.50880085902456,9,79,7,0
1078,8.646478173407816,0.7513376143928692,88.07102512226733,6,13,11,1
594,2.667285734773422,0.9493836879071192,101.15781607277222,7,119,9,1
2857,4.323496180923959,0.021973251208111888,66.68712896022421,6,29,10,0
2804,1.5120725093022191,0.1981680245380827,60.950573298343805,3,48,4,0
2995,7.389273857328339,0.6393209943650975,114.30443225490268,7,89,2,0
5232,9.797251395436922,0.06643608820986202,71.18588709494759,9,45,10,0
5841,3.992770214550655,0.8141474225405969,60.425411624416185,1,139,14,0
2297,0.9943993540455323,0.07806167352820781,87.96329810001473,7,40,2,0
1885,10.857900822284211,0.2115285790184055,72.41562055146431,10,110,5,0
4192,5.581251906383134,0.8549971991990096,112.4416676325037,10,117,5,1
9770,3.0715806908321364,0.9412511578155178,79.88605478495752,8,97,8,1
3355,9.46551007893724,0.9721445345126307,68.40247968082691,3,97,7,0
546,2.0451061557903127,0.5328532792952325,108.02740344620818,9,18,4,0
4977,8.901896659141595,0.940911785317873,86.43836754181281,6,27,11,1
9487,1.9191760465615961,0.7095316719948036,100.34944215689306,5,80,4,0
7990,1.4980374367011742,0.058349214360062684,79.2428822164982,9,139,8,0
6528,3.9387799369163874,0.30924270584668423,61.95067156310584,3,60,1,0
2020,0.9795400182308946,0.258568779791314,70.92147626022812,4,127,9,0
6716,2.3661201263718232,0.8272813466406076,99.459779833269,10,117,0,1
8118,7.098699864124682,0.11414438789703252,57.46245035150384,0,126,4,0
7500,8.971050149739925,0.05835324032431277,112.63681323796962,3,77,3,0
182,2.280703071530472,0.7241916527637492,74.73800247853652,7,0,12,0
1817,6.079881138794655,0.08452978473660666,90.25545111978535,2,70,0,0
536,3.8379896989770588,0.6634200796964,102.51297619033744,7,41,12,0
7250,1.632597859429203,0.2614109434261136,95.66138110029824,0,72,0,0
562,2.964157251304063,0.02304513006996589,110.53850176313753,3,30,10,0
9946,9.056945115858381,0.7342865428662408,59.01780993998677,1,1,12,0
2743,3.994621377965363,0.1287260154703035,112.3670872232683,5,139,7,0
3490,7.780949699011809,0.5966224793498758,76.62992989829227,8,83,9,0
4732,2.59000155500418,0.9565488716365108,63.51261687225121,4,64,7,0
3113,0.5851796779262297,0.694016586431317,79.16091524833122,11,37,1,0
3028,4.416023629159853,0.037376618240544945,113.06867708555794,0,26,13,0
3346,2.5626473138914534,0.05870928528962516,112.6170223408883,8,7,12,0
817,11.057168969558294,0.5271113480918532,67.66113641253845,4,117,13,0
9613,8.17807043369316,0.7175841408131601,71.44396475445717,7,27,0,1
9977,8.349342816941823,0.53984582171569,62.83113277989824,4,62,8,0
8133,3.9217696008277354,0.464492384984028,61.9168302871901,7,27,8,0
1212,2.9984353419870367,0.7536593671348277,89.26236157794999,3,138,4,0
9225,10.432366567647067,0.6482203644332101,80.41004368995237,4,88,13,1
8693,5.180754003263174,0.9582218546530049,88.62087838883318,10,32,2,1
3709,0.8023250793665486,0.5564830574728017,100.40458841986504,9,34,0,0
1053,7.959508693220475,0.07913508585832718,55.108378015011816,0,18,6,0
2564,6.595246668111361,0.8878334659214542,60.628767819675524,5,83,13,0
2802,4.582571649007777,0.6352420638507585,111.243906594595,4,45,9,0
3355,5.270229174954197,0.274529200033524,57.20442037238243,11,138,10,0
9665,3.5070327473659253,0.8432980438851456,73.72066303929279,0,3,13,0
7705,8.504669472929363,0.16883141273521973,100.39542978595561,6,23,12,1
3415,4.764990406669051,0.5636683077194149,90.77022420389429,11,1,13,0
5412,2.6240448860184395,0.18842351857106066,66.33784525576499,10,67,4,0
6391,7.614779389174678,0.039577321366715656,88.74556257715078,3,49,3,0
7193,2.823367509343892,0.82691131363722,91.29498824910873,9,111,2,1
7216,3.025248656886852,0.38023470026695205,62.14803942245334,0,63,8,0
6037,11.513582947175932,0.8943968749503766,77.45489357592002,2,27,7,1
2161,5.319449786267483,0.09718273748013928,110.7449842326476,1,31,8,0
458,6.04168308474643,0.9784225485510306,69.35123135940636,8,120,3,0
645,8.977352558958241,0.5241449282793805,99.37913450767005,4,111,11,1
1060,5.781906321826016,0.21696856425156863,87.80666750473785,1,10,9,0
6863,10.849019370799557,0.8958301730345742,111.36351000004403,0,142,10,1
3638,4.2236214802088385,0.09859966788482333,107.96913862046803,5,109,1,0
2468,6.303114557214116,0.1823215600660233,105.43064723276149,7,14,12,0
7512,7.958710363541613,0.7588543359152224,69.13519834986114,8,138,14,1
9230,4.560903916917163,0.788317876614879,87.32270345906414,6,143,1,1
4247,1.8731844738685308,0.6096169493553412,97.93315593308755,0,102,0,0
3943,8.072230725672174,0.9014153792025226,88.97520238469527,8,24,6,1
5061,2.0754370416286037,0.14685048150209745,58.986726788278546,3,44,3,0
6818,8.44993349371298,0.38437595269295277,103.63632752172092,5,101,11,1
2008,5.492164005570011,0.0937214423643864,57.774510833171234,2,54,0,0
9487,4.446305678503385,0.5186669034459275,89.37732067062538,0,50,1,0
4229,6.7126288776086085,0.9741481714017155,109.03339399974655,4,125,1,1
1645,4.549358794580132,0.880695312787815,100.0246118814145,2,46,9,0
390,5.4944141787691505,0.9229732477031174,94.22344857629565,6,69,2,0
4867,4.29503232691769,0.17269374271896643,75.33503664443164,2,76,8,0
4832,6.934583161894063,0.7868922176274699,112.30136879839131,7,72,14,1
2851,0.560279285693523,0.9600250495873998,79.3950308699066,10,27,8,0
3634,1.8293827859697251,0.8167924491603672,65.33734641837137,0,107,5,0
222,2.8338921364232137,0.04258489166090795,111.73244848542896,7,83,10,0
4786,4.533751193597185,0.14360176901889254,74.51669572582082,2,58,4,0
3068,4.897361909571586,0.16895999861688116,103.08069893986317,9,72,9,0
5354,4.242042393875109,0.33856298166236753,85.99353596242906,0,31,5,0
6385,10.885796636787353,0.6565346146013854,55.54307340577799,6,114,7,1
8885,4.017408863801008,0.5172235853582667,74.39665470849926,2,17,7,0
8559,9.47107112698762,0.4970620769254528,98.54079193081333,3,89,14,1
2717,11.204658806889789,0.7424793734278218,86.21678822940875,2,42,12,1
854,11.525259249877939,0.14145494693479221,112.68311775604832,8,131,13,1
4073,8.577865504208782,0.765973688289873,60.35522171653736,11,5,3,0
2766,6.9330863161934175,0.5316519666009093,70.62481794327365,0,121,3,0
870,4.23834806608399,0.2629246001965828,95.67712782590925,1,55,8,0
9749,8.744098348750905,0.31995460981530177,111.99563988696585,10,25,14,1
1740,4.238449444823107,0.7022960213005752,90.65635179299554,2,82,3,0
6023,1.0037382236280863,0.05190083445722904,72.82169895382619,10,58,14,0
481,4.438793049169999,0.6829957021062896,95.01554127644258,7,83,1,0
4039,9.726335987773227,0.9786048286809939,108.83151068420695,4,128,9,1
5945,6.360366671796091,0.7100313232125585,59.57704428520446,5,42,12,0
1762,11.561858174547133,0.46327115413631614,109.09301154209054,5,85,2,1
310,0.8697648664218098,0.7633015495278983,64.39976675759318,7,3,7,0
993,3.5956379433033563,0.6346630468809892,98.86008271232608,3,98,14,0
1165,8.535675895953684,0.11968555618381838,79.77562144317868,10,98,1,0
9010,9.0763535648577,0.6551974535561298,64.50705066352009,5,31,3,0
3963,4.408332051947879,0.6253807069227978,72.25734793912095,5,98,10,0
1400,9.13299349106355,0.46199492261008135,62.73912977941079,0,63,12,0
3696,11.188605870989983,0.901619040710328,63.277305626577856,10,148,13,1
6062,5.014673273725048,0.5702302006312473,111.69265272864493,3,128,11,1
9401,8.442405767365159,0.2642484143935625,102.35304031034549,8,30,2,1
9708,5.603004697845194,0.6902469912175841,63.420057606204956,5,78,5,0
4475,4.237763220572685,0.478111781267924,75.02286514243441,11,105,12,0
7497,5.529805263393709,0.04929688974972701,68.33964249498926,11,114,1,0
3636,5.405599062672542,0.5054205283950931,106.8214263258325,0,103,10,1
7267,6.927353390734064,0.9396482435929018,74.09668677469753,2,38,11,1
8667,0.5155807582055314,0.32945828114177,97.7165673836772,4,130,7,0
8135,0.7755337656471142,0.793999677390308,89.04418742607162,3,43,3,0
6249,8.054131095293377,0.8271713542974034,66.26973068158789,7,43,9,0
544,4.5578987085425355,0.6501071189208902,93.21790396492199,4,138,13,1
3231,0.9705245350763405,0.355837078499213,85.67391534407348,1,38,14,0
9087,7.5571366450783275,0.444850763040176,78.51151974556477,5,86,12,1
9879,6.327502811003185,0.022137926211174164,68.4436720126518,8,12,13,0
5164,3.265110982957617,0.5945147338491187,93.6813497752647,4,40,10,0
9990,10.092828697113863,0.09877228952768358,81.38662137837234,5,13,12,0
873,6.730946362711418,0.02297887681811106,76.38815746372815,6,115,7,0
3495,6.620664526747734,0.49895132776295503,92.22886587993591,8,101,3,0
7723,7.982249394321,0.7363927146221908,58.443896772086205,2,144,1,0
3004,1.878578976376813,0.5928252673418472,93.68712283010048,1,94,14,0
8236,3.495770654864931,0.28777607533141136,79.05420642183792,10,23,11,0
5092,5.534413157515126,0.08573159577408729,112.9498980212132,11,82,1,0
7063,9.534645632683036,0.9393507898875606,83.47067504993962,4,98,11,1
8176,10.704979218029273,0.5703995785566958,57.44303512460492,11,43,12,1
4729,1.0220283307492248,0.2191992037103031,59.01908553257657,7,130,11,0
5208,7.319065447674549,0.907401605001681,96.69196781474848,8,51,12,1
8880,7.758692389382919,0.2498461614147185,86.09179975556316,8,117,3,1
9265,7.4668521940121515,0.152997001782036,103.74244673583554,1,84,6,0
8805,10.089032126605282,0.8083819741044259,55.22560388279543,7,76,7,1
8091,9.211549585055883,0.660586837006091,112.29232122726604,7,58,4,1
8981,2.1020931366685724,0.04342888906603759,104.80040398845945,7,32,6,0
2715,6.902927433478636,0.5343434201205796,81.29178271231116,2,15,7,0
9515,8.196753784843196,0.05427009531734206,87.79868126030901,9,112,13,1
4560,5.871014214045789,0.457976628402308,63.87816232878997,7,68,4,0
8299,6.207427310177408,0.1584145136373042,90.1938359654417,1,56,12,0
8035,4.999119140802012,0.4966309332396833,80.917762459633,6,131,3,0
2875,5.856408369882181,0.49217236680283183,88.30998396497658,7,113,13,1
4052,1.7327700388400056,0.3963427651810588,97.69685628511102,10,29,5,0
2666,4.664049127027063,0.042312405006795895,65.81550015016363,11,93,9,0
1855,3.9930981400238292,0.19989133650089475,89.00030796716585,6,131,4,0
5089,8.83820177703846,0.07513079030605119,111.4784470394352,9,73,11,1
6532,7.8542883085940165,0.7217465882875098,69.57629852462554,6,139,10,1
3288,8.398862463273199,0.5728012870653694,59.4397822644699,10,44,9,0
5835,0.8374521278181282,0.15471016150434047,96.16689346538047,1,102,14,0
6035,1.4621774210417544,0.11119414120017035,67.34585061683674,1,120,14,0
6986,1.6067452735417291,0.9650046275247831,82.82523752630311,7,146,14,1
1785,3.3913467094343948,0.350467237298118,63.939313488021185,0,58,11,0
6474,10.577104551869533,0.4690788832981265,80.07283597640749,3,91,7,0
1638,2.9140761884040183,0.47405349615215453,67.32876739768675,5,116,4,0
3294,10.498238311664402,0.9412726353201591,95.68742236610909,4,75,13,1
1137,1.18408290266169,0.09879638261516699,114.7478461059821,1,40,13,0
2086,1.3320263383553148,0.03728564337260587,105.88939918227904,5,51,0,0
1232,4.956129826724785,0.6475982598904763,62.39122891872642,0,141,3,0
1877,3.837775092625619,0.04180155259049423,106.66103468441027,0,137,11,0
3780,2.9032127268963492,0.13171786253631568,60.25102180375943,5,53,4,0
506,7.76665954091499,0.11886195069047967,109.35509123640409,6,108,14,0
2063,8.191322182374327,0.01047115423343159,57.30072566439897,0,87,8,0
4537,11.212709053396733,0.34872179190136643,72.47529952929563,2,142,7,0
5446,5.071083590386038,0.12426847379625539,91.99499521269786,8,34,14,0
516,11.575367899134681,0.2422584737308564,70.94693990420959,3,98,11,0
2606,2.831030903301415,0.675265547263031,88.02126566552701,7,47,1,0
1189,8.563268659556933,0.0992064695185112,96.17560918217919,4,90,14,0
6685,3.109850360518391,0.3075962048480756,103.48601170260534,1,67,5,0
4901,7.084742166830811,0.19297806906267012,85.75692625778174,2,136,14,1
1445,6.970835153462258,0.8194027998934832,100.91208932478048,1,24,2,0
9075,6.397567406477777,0.5992649484631352,114.81518489963592,5,90,13,1
3086,1.446152630160627,0.9544862153918442,103.44679463467838,11,91,7,1
3656,0.7262960326989356,0.1880684686554781,59.77146497407113,6,72,10,0
837,2.9125240582125516,0.19331399906144853,94.65526869624841,1,126,6,0
6191,4.029295687604788,0.7303335207083312,84.99300421409569,6,43,1,0
1979,6.8410790916013005,0.6995494947925046,75.78267710521295,6,143,9,0
2525,4.675054216072296,0.5171467693732046,109.90161942636776,1,12,3,0
5169,5.536293522261198,0.8969284050836163,85.14964658359207,5,60,8,0
2660,6.461912322178691,0.9263411187790807,87.04447121031693,4,112,13,1
974,11.523159567307255,0.16404049223612993,72.1441176742576,2,75,4,0
8277,0.8756615361474378,0.6920267887214869,108.83583393123465,11,89,10,1
7392,6.299149251333982,0.11786245940683271,85.89230147132194,7,38,0,0
4214,11.40336279513614,0.930394234366701,112.6035720421223,5,52,3,1
7341,3.6301568041627745,0.2876461705294854,62.2476969228406,6,97,14,0
4904,5.214079590480248,0.4887070179662587,56.62048801400691,4,140,3,0
8821,8.735308856039687,0.9157507648905526,55.41152031788165,5,99,7,1
588,1.0650434283923795,0.11951754087945543,68.98523209323778,2,21,0,0
2312,4.964935497788843,0.43461259042169886,83.6118663784706,11,7,14,0
4630,3.272864978503337,0.0166083076818051,102.14626858422794,11,68,7,0
5007,1.1207202480638563,0.7685809261079155,97.92388287848541,10,2,9,0
8444,6.715382366012879,0.8419638038418688,84.56505662433938,0,72,0,0
665,3.2519328019886897,0.6656917565953515,62.06115134371477,3,61,0,0
1533,1.6028398011413698,0.048647176319508434,102.79236033509441,5,141,14,0
9882,9.800138999287718,0.8007464166494234,56.13654016918435,2,11,1,0
5637,0.7148061350230321,0.8979376141444294,70.43370892259315,3,52,0,0
8910,3.1549015080633604,0.10895145764263747,76.83574277790768,4,46,4,0
9509,8.349832906026855,0.9638830291024065,91.54025514933124,3,5,3,1
5514,11.957876970728726,0.26854585523321384,86.76924562752042,0,104,2,0
7454,9.25281234755359,0.13175587834097757,106.62585793148466,5,48,1,0
5301,6.603736114690317,0.22612160312508167,67.05250719193342,8,24,10,0
6184,8.992288955494951,0.7174501315304201,61.53436333587652,7,42,1,0
9416,11.035948308086299,0.05936709575983368,61.29358150566876,8,44,14,0
3364,2.5764265374417645,0.5439174448970164,101.76721264000382,0,111,10,0
8716,2.522802225119988,0.4879268337530619,78.32869507653723,2,29,11,0
4582,1.8709350571697247,0.16242600838716403,90.97990761047478,8,23,4,0
6783,2.0730540278832477,0.3103098787238673,98.7727987500941,2,14,13,0
8489,11.021204589521966,0.1333328548972258,108.4917916383432,0,65,8,1
1166,5.683376256591641,0.056932457320508556,112.85268646304925,3,66,8,0
3655,10.749557731275756,0.958901975964104,73.5574152403995,2,41,8,1
9525,6.283711640978641,0.038118647705357556,59.38906513765895,0,132,13,0
4293,0.7029373810504518,0.6576020865192377,60.87415675431017,11,70,14,0
8749,5.208787656023653,0.2325900059751601,79.0125698297591,0,65,10,0
7418,10.232722795888664,0.06317535514355277,93.94041213732423,6,94,6,1
4747,0.9676457753923304,0.9664608004861974,56.88904393562882,8,2,1,0
1693,8.33073624372642,0.3561143174620506,104.52886242220531,7,20,12,1
1857,8.142091247442467,0.3555280500492668,90.21674428151996,1,146,8,0
594,2.3910407768703297,0.629772207736145,98.5709154009534,1,95,3,0
6104,9.42555259755732,0.018199552828832788,63.57737645042949,3,23,8,0
3353,6.899223094932233,0.8549073555772918,111.97299504871788,8,40,5,1
7146,4.8962437458104,0.4503736383060769,71.36292242103366,8,105,12,0
3543,5.095440882827087,0.9298772374096017,74.15702395305911,7,74,1,0
8027,6.481892067261599,0.6472028179498035,78.25685466667537,2,103,10,1
2639,3.5253725343007107,0.7187376849940584,70.19878554209085,7,115,11,0
9420,11.768451548853854,0.9896622887753058,91.45983391426618,0,40,2,1
8659,2.9132529469207973,0.6294654801028426,103.00948345898811,7,65,13,1
2195,8.898284738527604,0.7674298566481854,85.97778103390165,11,49,5,1
1679,7.445851385835593,0.4455345168478869,58.173594440328955,6,85,1,0
9393,7.3916532551788645,0.2241866197493515,104.91496422700354,8,32,13,1
7539,6.759448056038842,0.13367589731955032,78.29865698383787,5,18,14,0
221,0.9654973497890427,0.40891181710143276,65.97090269336537,7,82,6,0
2832,8.285567170521034,0.9497134791193236,61.92195044542539,6,88,6,0
5158,6.091450679891735,0.4141751865896901,104.20126400202805,7,110,14,1
1331,5.298298281215026,0.987215829948538,86.52218698181267,2,82,13,0
3831,5.5066074590231615,0.9432199882314548,92.06562640072839,11,17,7,0
9360,3.9515315813093532,0.540324960651585,59.161706030100135,0,75,4,0
8375,10.778607110729794,0.9458212224951835,63.59159471600982,7,100,14,1
4345,10.192244071530874,0.038466569389536964,92.62005690173365,1,62,0,0
4220,1.7324300915136885,0.5199118460666994,108.67874286830309,11,131,5,0
3329,5.880528969515982,0.3124113372328916,81.32715523456675,0,38,2,0
5336,5.112956112662243,0.642676684084814,73.42232092010838,3,105,9,0
1451,11.236595493908892,0.8289769377515975,92.50846601496904,3,9,7,1
2696,6.327520994098301,0.6151153505452308,56.49136413423834,9,130,8,0
4191,7.054258884915281,0.03870968817704523,61.869668266971296,11,135,13,0
5883,11.35173061968431,0.11214914936706122,103.48018472681892,5,1,4,0
4332,8.369089478050512,0.5844247395937263,78.27850955029146,1,1,6,0
1626,5.910596080755291,0.09940093238953751,58.22126062224758,1,10,3,0
272,10.888661037117451,0.009577902327455146,87.48300932367863,0,137,3,0
2454,7.785428744942552,0.33263698658833873,104.58885742720585,1,16,5,0
9956,4.618988606183599,0.6714505369506173,100.42481281306426,6,149,0,1
8136,6.253061234729372,0.9006921429705343,101.91962748872494,2,86,11,1
6267,6.3803480707907285,0.17096403281131178,71.67172595146334,11,12,3,0
5072,6.293057597106945,0.7924182618507025,61.32712625633404,7,68,2,0
1488,11.963271481079426,0.27271375488986016,107.65568081051396,0,90,13,1
7519,2.0677107151347074,0.1875329685308007,68.53703819904258,4,32,12,0
1019,8.097419871699174,0.32221318143131594,61.19458560319394,10,99,1,0
1495,6.938702385711682,0.2554818867101428,76.1041814627296,0,132,2,0
1886,1.2383705095471012,0.7216988126297125,67.82906990881337,11,42,14,0
5590,2.954803986775283,0.07671549723174065,59.95981413644253,6,42,11,0
9177,4.65225559624032,0.6223583461348172,56.83708778525491,9,89,8,0
311,3.4045096815664007,0.6975150119328867,84.17487939610564,1,26,7,0
9333,11.827756546006666,0.8914668021803879,89.48657728011422,1,26,11,1
2627,10.507625397869711,0.6412941793020143,91.40815965445215,10,47,6,1
954,4.971002398971978,0.8445785577848697,113.65896578860621,11,93,9,1
3621,6.238662910018054,0.8758742414924631,107.97943152643242,2,70,12,1
6918,5.8390446886128045,0.0569897917097254,102.10295154006963,1,142,6,0
7149,1.575332941946296,0.14747083664296534,88.31508773070158,8,148,1,0
2122,7.436855584529528,0.5125127057006263,88.30237796135067,8,109,7,0
9494,4.326969512750857,0.05267532879336889,91.91465240286713,5,28,6,0
4345,5.857219868697653,0.6763459218938275,104.32739691998617,5,67,14,1
9162,8.571445663864258,0.6603551443913406,75.7870728159019,0,4,13,0
4817,10.693066328831488,0.5208869041275858,105.71632593868787,3,69,0,1
5561,6.25255386522938,0.8358517147839305,74.41099524522987,2,91,8,0
631,7.037285092755975,0.5869640120582513,112.53389168751983,9,63,3,0
863,11.163138175985733,0.0682448300194326,82.40055567287591,11,50,14,0
1903,9.654119258779216,0.8720856472301692,79.56670014462242,6,30,3,0
8076,1.9554613011879145,0.05209916280817595,90.75530163676746,3,83,11,0
7630,0.5449432115367663,0.8509863917755044,114.98131668316593,4,103,6,1
8660,7.619872983767837,0.4436009525608148,60.839413050637276,8,60,6,0
1200,8.258454194613423,0.5262233169491661,81.26233548099104,8,67,6,0
4107,3.004874523749605,0.06763179745175962,60.87629859618942,10,26,12,0
6859,9.973498332056135,0.155120518596787,89.67760717742232,3,49,0,0
3885,9.988942978065369,0.49545323643058836,96.32530973848104,7,49,6,1
2989,9.716143003664524,0.9269315892044864,62.667330101492354,0,61,6,0
8029,2.2648726217542015,0.06608785957184704,109.30812867508345,4,14,12,0
4195,7.472562480789329,0.05391467306668596,111.7080534137276,11,44,12,1
4841,10.378721909711555,0.08898145105630006,64.85353091434816,3,51,7,0
1271,5.356573502233455,0.1938938304345581,58.81198004508338,4,77,2,0
4960,1.895177536734963,0.5543433768511976,110.56683463941879,8,9,0,0
2866,6.225764262139455,0.8605187726095785,65.38537853911328,10,9,13,0
847,9.003508241976155,0.3522954580282305,106.76642883008762,7,64,3,0
1092,11.51448265213856,0.7794926750674263,73.90591441527756,3,125,7,0
5851,7.174094043815814,0.06570123562595809,112.93180731977975,0,38,9,0
3891,1.6676361316838002,0.4751173638014584,101.46853941397835,11,17,2,0
8096,4.980850074714078,0.8502250041273032,101.27755785980358,8,28,2,1
354,8.103147496888328,0.8529074872857056,64.49166062866479,6,45,11,0
5080,2.248239759602866,0.7531768639958645,107.40007062410983,11,38,12,1
7660,2.165296032374058,0.5241556966264589,86.72789439289107,2,89,4,0
372,3.2648957792939823,0.9799443046121233,82.32761778061504,1,12,6,0
879,4.759703119378386,0.7722451312384107,61.05326496543476,0,3,11,0
5904,3.271214889493084,0.8046808546556682,70.64266943524221,7,40,7,0
4123,2.9893838502912664,0.8891723155119143,80.94038062124619,3,90,2,0
8119,4.956656157551135,0.27519335524777655,73.92064400990483,5,112,12,0
1500,3.8848273267860916,0.4692503208460671,106.93009255106614,11,37,11,0
6589,2.0719796621308104,0.4170664290204784,86.14959421119207,7,12,12,0
5618,5.599831601150752,0.0010563394426512662,76.75347386797229,6,81,4,0
5710,7.217472520025758,0.27402761144179477,65.65906809833213,0,106,1,0
5655,4.655912053333113,0.8413031695510703,107.31628602816357,0,14,13,0
2634,7.097894500143103,0.8868734270721986,67.43346483589703,9,98,11,0
9528,3.5874440626074158,0.6973880570094763,57.43046025492667,10,101,8,0
1878,4.197044794965114,0.6261006703480433,84.31573129785953,9,128,13,0
7394,4.26510713376404,0.6897444870278256,89.92719178672466,11,24,2,0
6687,10.233896469442502,0.19598566743609247,64.45257657803778,4,40,1,0
904,8.779016728186798,0.31136103034550044,57.22943723589204,11,55,12,0
1808,3.150797502210521,0.2910989160134936,90.97804992564429,8,109,9,0
5304,3.2251176553247283,0.4611896157946377,94.74250471571128,10,104,3,0
9203,9.90065788424762,0.5198867999800145,78.63596542299204,9,106,1,1
576,8.869394560947043,0.1434545957384007,65.18214566075918,3,23,11,0
796,9.817676358003753,0.7438828979964315,113.84621039421978,11,110,0,1
2790,3.99148941226743,0.8308208124701691,114.91833474257696,6,65,4,0
316,4.389301813654666,0.4049147114264231,64.01231634866195,9,69,0,0
6821,3.6184631851611777,0.5585579856054449,106.25802677866906,6,117,8,1
5299,3.3074249919535395,0.07345200066992918,99.34168598417416,3,46,1,0
1785,4.463917404302462,0.5019158708327668,61.45439961732206,5,86,5,0
8542,7.741832221507233,0.11305953354248388,92.1998660974842,1,128,3,0
4001,9.795632188871853,0.9763114622710135,86.2916105332497,2,115,9,1
9843,8.771467843283382,0.3851146065903107,112.1710738017577,9,18,10,1
6383,8.988496442853826,0.9134463617551781,60.99261200202872,5,95,10,1
5051,3.070402567367453,0.27291303045983006,86.8942910540363,0,33,9,0
2277,7.396547045022272,0.2398569708151369,75.81293880019868,5,113,6,0
5971,9.962844178409197,0.038858604222979265,59.29575071107514,2,89,8,0
1316,2.4242149666821153,0.1906142484948936,97.22755981519718,9,59,7,0
1853,10.819805386905715,0.9559619335549,107.99764912157684,11,82,12,1
5542,9.080429175517486,0.4356696900743666,102.17589857637992,0,53,14,1
9324,10.702315726436037,0.2587919131493257,104.2315360980812,4,132,7,1
9447,9.35761574476948,0.8048147071137952,97.13934843609307,1,16,13,1
2862,4.8393959305233265,0.8791780222311217,73.78934520692535,2,66,1,0
6320,2.7400316129378264,0.8858945984284308,97.02151693617137,7,8,7,0
2886,2.3250699279568456,0.9308326940754652,81.09527352046577,1,89,12,0
4165,1.0874851682778366,0.9172399851019115,88.78634907532258,7,137,7,0
5759,9.900875100677831,0.36446842176962724,110.76236406554656,1,139,14,1
5249,7.010734749159107,0.9166201412416954,80.96807753864464,1,16,4,0
8629,11.322614170805572,0.840188902261535,77.27746430953421,4,67,6,1
5051,10.050734411488678,0.7881765496759364,107.18498408147602,2,105,12,1
978,10.167824263144084,0.9880913003597938,82.15550272431955,9,147,14,1
8617,2.6234065492345837,0.8811121959727375,74.64034669191514,6,38,1,0
3087,6.172612093958928,0.31121725769564856,58.56221462073664,5,66,12,0
8860,11.632973215648406,0.7472013671750096,60.48675180391994,2,82,9,1
7503,1.6190009369436793,0.23300926895878382,76.08975569612082,1,73,9,0
110,8.486997122172149,0.3392686836880011,110.0714450518029,6,32,2,0
8446,4.413024916464436,0.6559821371202202,91.75504386048463,10,1,7,0
8757,9.186128553176387,0.15521579049110257,86.90233916116937,4,25,8,0
8507,0.5542385401255405,0.5411725266848768,76.56025146213456,3,1,5,0
6831,2.107091242807007,0.9189292757940427,68.06570264148348,11,28,5,0
934,9.75693726694948,0.2909498926429104,78.19377415086214,0,85,5,0
6063,1.3599527931599684,0.9729651278901237,62.18744240779817,4,147,8,0
9294,4.638687492322429,0.8246146189152098,85.30385609122123,11,95,9,1
8647,4.508039035776319,0.9950481954082071,70.43736712805975,2,12,4,0
5455,8.608825890837322,0.848507044045829,89.07133956343252,3,114,10,1
5903,9.963068474485617,0.039597260481579966,94.30432272711191,4,143,12,1
5580,7.456783305802579,0.28695305221153466,112.04994853718554,5,125,0,1
8995,10.927992843880759,0.7572655331834075,79.4042702759916,8,124,5,1
5727,1.8866672437433252,0.23538848183325767,98.21711319233768,1,145,2,0
1480,0.9770289140512212,0.758115925056932,72.11474299303993,2,65,2,0
9864,7.56788340504159,0.9869047198939875,60.955606943292196,0,144,1,1
7754,8.386424864916851,0.7388988464773315,112.20608014404107,0,8,14,1
3859,9.300636560436072,0.605979812325691,80.00525512681608,2,99,11,1
3956,5.447272974291284,0.01538626915542396,74.2381258439594,10,90,10,0
7921,9.474030729917127,0.5334737121954414,57.265576352150376,10,26,4,0
1004,5.274171711148793,0.9413454532694305,100.52011664763141,9,139,0,1
3922,8.925024661807063,0.9290710520922112,89.39250932283525,4,100,6,1
9032,4.018609234126012,0.6326621224879484,58.877106936275176,0,87,13,0
7250,6.362489771724954,0.7061196781815584,113.12100890293574,10,47,5,1
3536,3.2109881866166092,0.9900177058268571,85.18309372985122,3,134,3,1
5810,8.642272075986096,0.08615193518874897,67.2746645713924,6,40,8,0
1131,3.629368005334194,0.7586965719555748,67.63676880755625,2,4,1,0
1478,3.3638547654585005,0.028407266096474593,99.44812620234849,8,148,9,0
4783,2.172833630722318,0.6296233349206374,84.37647677871284,7,120,9,0
7047,6.584093383496922,0.9787373193829864,77.9369584894995,4,53,12,1
5761,4.3039032597585765,0.22488630265922316,109.73992621600637,4,97,8,0
2846,10.87175372891108,0.19548247214964465,100.56911850561785,10,136,8,1
595,3.0502170549263767,0.0014649007809963699,85.34612407735573,8,74,9,0
8618,1.523430998982617,0.7438419454802714,86.69174043781331,11,147,9,1
5904,1.1902294538724438,0.6182032459719303,108.34395519285943,11,99,5,1
7894,8.555972577736124,0.5111788666908859,99.95549722445415,7,148,14,1
6716,3.336508858462625,0.7186596810834033,56.38040917084822,11,126,6,0
2762,11.988771865955375,0.5738903548685163,87.80597343983253,4,56,3,0
8531,7.4792972680362,0.6314101388768063,69.85933586883186,2,14,0,0
6828,5.618374078415909,0.058878484172048995,90.3215822259067,8,147,10,1
5866,2.5326396095153605,0.406724043334071,103.23225697729058,1,64,9,0
1943,2.135883192580981,0.4255321483763207,77.41336196700168,2,48,4,0
1598,4.608508669944005,0.3218014289585476,57.55372534805758,2,54,5,0
3252,8.669609159769468,0.3494232675752006,70.99509278783448,1,79,13,0
5457,2.1776494531829282,0.7353082067446126,98.39499605173356,7,4,8,0
2981,3.9111437312301787,0.22836245186977422,89.00702963099549,4,148,3,0
7863,7.6776099353367915,0.6260724851376039,109.09602678675088,8,67,12,1
3477,6.854691694403732,0.39898067385020164,72.49022113034648,2,39,4,0
7322,9.513140776860771,0.3897463303937939,113.07438146624689,10,147,14,1
9107,4.407149779080325,0.02081305900535535,79.95170737869039,10,46,3,0
6402,3.736168506944952,0.5679423032138496,103.62203918884325,4,34,6,0
6019,7.679319230219746,0.08955336283058979,94.64512842367667,8,47,1,0
437,8.26862998518385,0.024619548661570345,61.02845513491655,10,44,9,0
8622,0.7143530364531473,0.8370380822216856,110.75680997135258,5,146,9,1
4891,1.6806023633220524,0.08099654006258172,88.52600406268141,11,7,2,0
1508,6.311566745060253,0.25658807629596314,75.49633696934404,0,0,3,0
824,2.1481652255521047,0.5348658424675876,63.64016556669212,2,114,10,0
9577,8.56540089940357,0.27366330803084127,74.84895617823659,9,93,10,1
8305,0.6753993987072004,0.04042456088639701,70.33199393815246,4,93,13,0
4594,3.633020014016343,0.6374275908096527,68.96868740584273,11,142,12,0
4595,8.956450067399487,0.076409278972694,65.71671069414548,6,127,10,0
6146,11.496891234591793,0.13580735721126125,100.17953649761739,6,54,6,1
1358,1.0490455089227149,0.1829345895251404,69.20655722922832,2,26,7,0
7696,3.684692274897737,0.34123894502929353,82.26412995109582,3,52,2,0
4992,3.47940573181835,0.2790775807587903,105.10339747097521,7,16,1,0
2794,11.627187424918638,0.05054766717291648,112.36051171565288,10,96,14,1
1764,8.49228741772401,0.2624366877420291,107.78407701172634,1,73,10,0
5631,9.953170050799336,0.2930657730375934,55.1861591057568,9,106,14,0
3463,11.215586949830364,0.6658608506154667,99.38211795038028,9,72,12,1
9038,10.458017878716381,0.491969635387997,72.24706363138628,8,121,10,1
4508,9.70785132934586,0.8285646706070124,80.46793081731147,9,24,6,1
8538,1.0619309222294908,0.48116442757065025,114.37612309988772,9,128,3,1
4334,8.6528690058193,0.46862424034647665,61.74901871471831,11,92,3,0
2722,3.8529013108801857,0.6060059510643047,59.48726200536189,7,76,4,0
1756,11.344262897639256,0.4571198793306437,74.92942444800428,6,121,1,0
3792,2.5745658141084093,0.31709060092338903,101.58484299168946,10,70,9,0
983,7.628459985950952,0.9067889732846962,106.99371482658627,8,116,14,1
7969,5.303690799289176,0.016840288533717107,56.08939530656217,2,115,9,0
8395,11.08947793761331,0.7353317927662482,86.42102542725222,3,1,5,1
4237,3.976515714613187,0.22997821096334503,59.39652599391553,10,42,12,0
2903,0.9934239308783437,0.34498888640397585,94.33552076369573,3,102,6,0
5418,10.56298354727689,0.722027734620578,58.584338574738275,8,105,8,1
7428,0.8612646917906737,0.13039102878660425,92.0944582377541,11,144,0,0
7143,3.4317185636853633,0.6652027519450601,85.19715874270187,8,114,3,0
3785,4.201710130219861,0.6685115677218852,80.20960974962688,9,125,14,0
4727,8.825867400203556,0.42813374721566344,86.16145618548694,8,84,5,1
2459,5.584825294434029,0.23819900826709584,62.85533646105946,8,20,7,0
9190,1.1800292919664956,0.6454994164796692,89.83488072477975,11,125,13,1
5676,9.313298352418808,0.9101981470899919,57.745925990036845,10,54,7,1
1069,2.912350216374497,0.6098401201100546,81.89600542748764,4,61,1,0
6512,4.6475333663050895,0.10103254354466473,61.263302405597955,1,15,14,0
2125,11.2715428615164,0.8217476378854619,79.14407903677532,0,49,12,0
4037,10.615541968167895,0.2517887956706196,84.55176057755773,2,139,5,0
8572,0.8435980812308015,0.9750822064672896,84.9845443530524,10,15,0,0
7216,9.303807741551072,0.7159365189213365,63.91551398313865,3,110,6,1
7741,1.1548172747676673,0.725120655000274,90.98369494869554,6,9,4,0
1815,4.754065804223167,0.49309046026518155,93.09359950309057,6,121,2,0
2429,3.006378042012619,0.05205634466750053,74.24587089392867,0,47,5,0
107,8.284229059163236,0.22937526825251597,82.82522461351941,0,33,1,0
6158,7.280763203302799,0.4334119462051248,107.37843374336279,9,84,5,1
3952,10.141325811405176,0.48383290691549186,85.95023554127003,9,56,8,0
7660,4.976783059256332,0.09522769214936833,76.32239221632054,5,42,12,0
4610,10.745141941082466,0.8684404679780364,87.46446353437936,7,37,11,1
905,3.000271292163161,0.35581422510523153,98.57162283912254,7,142,3,0
8593,1.845841612852694,0.15905757077005223,107.22464522678811,11,113,0,0
6284,3.471772587177458,0.3229781678742646,97.36128417962459,8,105,8,1
3790,5.985334396659751,0.051730585508006466,88.64924883790485,11,139,2,0
8873,7.932816892305448,0.8066346101847932,103.25051857087199,4,49,14,1
7392,8.112781427742732,0.07801247841344938,91.0275171095318,4,58,6,0
3804,3.2003844594631468,0.6989122553414626,78.3908511834136,5,133,14,0
8806,3.461253038964047,0.28697803016845247,106.29543813304203,7,146,7,1
1754,4.000716439471769,0.9332569326220945,97.10508518510322,6,143,1,0
9166,2.8359673698686976,0.34592066399338695,66.16356122318325,5,58,5,0
1715,7.5376844613969665,0.0006499408368660919,69.69629984173191,4,84,4,0
2884,3.863674702103093,0.24479065830619084,63.122018806567475,5,111,6,0
5857,0.5200201956233134,0.46911459468161487,97.08952195726764,1,117,13,0
7992,4.125937739005385,0.9851561543490823,106.60928185785319,11,20,11,1
2465,9.7070467925962,0.9464104995400445,77.01229411654947,0,142,3,0
7779,2.094810303705258,0.14474115530935494,58.694939556205455,6,99,5,0
3829,10.40505472066472,0.33955533239643165,82.89679154339345,8,25,11,0
6937,3.862969212868583,0.8178703900008432,71.66507786644468,4,92,2,0
6973,9.771352172648502,0.8147989383454155,62.7295091014201,9,74,4,1
6168,2.80763177994859,0.6692548330162045,92.01059266576385,2,125,14,1
5549,2.0467375620558563,0.3559286218455625,114.22089060640513,10,42,6,0
394,8.342687778128864,0.06401604210949374,64.73364267192814,10,106,9,0
8060,6.817455335885133,0.8867942844939795,64.41466390562216,4,94,7,0
637,11.748229382162759,0.5023111450721334,114.91475914510104,11,32,0,1
1204,3.7305867078609083,0.9655579704068862,94.43175280219322,3,80,9,0
267,5.019027081477561,0.3385843408674528,66.36223955304091,7,119,0,0
7423,10.083211672059388,0.7024668205523965,92.52779543810563,4,106,4,1
9600,6.570990559541326,0.48399989456502,106.46075673533883,4,57,1,1
2792,1.6885029516753203,0.40946648307894007,64.63574481929068,2,12,1,0
9983,11.860055267744434,0.8020867232851706,80.80390693506526,10,60,7,1
8427,6.52652549938687,0.7948905162793192,84.06588159434158,4,48,9,1
6306,8.187753544301232,0.9860884104825446,114.95322756147199,10,111,13,1
5170,9.209618554652277,0.6763873100574271,73.73436828869924,4,84,10,0
5023,8.102667798891241,0.8424595821316615,73.7898211244668,6,21,1,0
4461,3.246301858583013,0.6205840188038676,57.48791023343989,0,6,14,0
8468,9.437130513052194,0.7569507559287759,100.37399881430484,3,111,4,1
860,11.844108310692656,0.5576825805387621,81.30087169312785,8,87,3,0
8047,5.803744249090819,0.3988788653083324,100.24947708312774,3,33,3,0
4185,5.510117555290253,0.01856952751308849,61.04698227198179,4,146,6,0
1745,3.7051926106826594,0.8678324810668663,70.13614847951158,11,58,14,0
9004,9.360609013826783,0.6727443887375882,80.90298014841477,3,78,11,1
5622,1.008243887481294,0.40551617014050256,107.9755146991803,5,4,14,0
8712,8.07606529184472,0.3650853006161212,59.6437873487112,4,90,9,0
525,4.872594982288462,0.869357969655945,91.58206510224193,3,10,0,0
7385,5.9168925939848185,0.8441688636759891,104.86513081701345,5,142,3,1
481,8.52819396753931,0.6579584846776471,107.08472805595056,11,71,11,1
7688,7.295767416963031,0.72426263152199,62.05886286030756,4,141,10,1
8137,1.0389403901184995,0.5856539617868782,105.78388447843767,4,48,6,0
8974,4.155000939259289,0.0025747700777830618,107.93872597141886,2,31,1,0
4445,7.0712126959908375,0.6427590893610658,90.43228868420528,6,98,13,1
4118,0.7690588198111203,0.832643622146842,71.11678938521315,1,60,1,0
560,6.753347691547729,0.8709738629727389,57.41618420776488,5,42,1,0
9551,11.669332380089356,0.10113415369875323,99.28621929854165,1,138,3,1
2522,11.90430338732863,0.1871626127633761,68.59777166337538,6,116,7,0
5623,6.0343762199230895,0.7249402228594749,81.20724128442568,11,119,7,1
8346,8.669362373632156,0.32892996392635876,102.84895929814698,4,70,10,1
946,4.744526214448882,0.2850648067451367,75.10965028259336,11,37,3,0
7169,4.949509302654494,0.6284443050022231,111.63201688337512,11,9,11,1
1303,2.5146338408257596,0.3684163429064792,112.67549836597072,10,68,12,0
906,6.3501312461513875,0.16269819191586554,82.3469381860279,1,43,5,0
3261,0.8188367150596099,0.5337570037865759,69.11936659090418,7,12,1,0
1381,6.075875872895972,0.14525705001484224,104.84570175803618,11,16,10,0
8533,8.880504140192663,0.37905715955447394,105.66798599083367,5,100,2,1
2931,1.2775768440027422,0.22534701990618067,86.93984856062859,7,96,8,0
4491,7.994329088559735,0.35088430075379495,82.55926337645063,7,64,10,0
9990,4.724101007637264,0.7147704976840464,98.10401881754572,9,132,7,1
2133,7.6355839487410835,0.492277670473533,55.23210288120214,5,10,10,0
976,4.308037847036913,0.05821050244143755,95.90194212167422,7,32,11,0
5403,7.137619024269736,0.4895723798775543,90.25295942077881,5,60,5,0
7235,3.3980078894490444,0.2916894573776627,83.06576115069875,2,47,3,0
6194,4.777870196384225,0.22463358583239446,88.11530985908047,0,24,8,0
5973,8.338229370144806,0.5556183391776066,86.93132751700321,9,146,5,1
4026,2.462988910322334,0.9838381846005607,77.52534674480269,11,124,2,0
2698,2.872996404475608,0.993466224178371,74.08963916413465,7,56,7,0
889,9.737805318779685,0.7048623131702211,55.07873484129047,4,14,4,0
8706,9.464982890959963,0.1769647120965676,111.11134794001197,4,111,2,1
7869,10.538864516726582,0.43723319879646105,78.92967548572827,6,69,14,1
